java,TBD,src\main\java\com\mofengbaizhi\tinkersnewlife\TinkersNewlife.java,64.5KB
java,TBD,src\main\java\com\mofengbaizhi\tinkersnewlife\client\ClientGameTime.java,0.9KB
java,TBD,src\main\java\com\mofengbaizhi\tinkersnewlife\client\anim\AnimationClip.java,36.2KB
java,CURSED,src\main\java\com\mofengbaizhi\tinkersnewlife\client\data\ClientCurseData.java,4.2KB
java,CURSED,src\main\java\com\mofengbaizhi\tinkersnewlife\client\data\ClientCursedChant.java,1.8KB
java,TBD,src\main\java\com\mofengbaizhi\tinkersnewlife\client\data\ClientForgeData.java,4KB
java,TBD,src\main\java\com\mofengbaizhi\tinkersnewlife\client\data\ClientProjectionData.java,0.8KB
java,TBD,src\main\java\com\mofengbaizhi\tinkersnewlife\client\data\ClientVaultData.java,2.4KB
java,CURSED,src\main\java\com\mofengbaizhi\tinkersnewlife\client\data\ClientWuWeiData.java,8.1KB
java,CURSED,src\main\java\com\mofengbaizhi\tinkersnewlife\client\data\CursedSpeechClientData.java,1.3KB
java,TBD,src\main\java\com\mofengbaizhi\tinkersnewlife\client\handler\AutoPartTexturesHandler.java,10.6KB
java,TBD,src\main\java\com\mofengbaizhi\tinkersnewlife\client\handler\ClientEventHandler.java,35.6KB
java,TBD,src\main\java\com\mofengbaizhi\tinkersnewlife\client\handler\CognitiveMaskClientHandler.java,6.7KB
java,TBD,src\main\java\com\mofengbaizhi\tinkersnewlife\client\handler\CompendiumClient.java,12.5KB
java,TBD,src\main\java\com\mofengbaizhi\tinkersnewlife\client\handler\ContextModelHandler.java,3.2KB
java,TBD,src\main\java\com\mofengbaizhi\tinkersnewlife\client\handler\CuriosMenuRefreshHandler.java,1.4KB
java,CURSED,src\main\java\com\mofengbaizhi\tinkersnewlife\client\handler\CursedRingTooltipHandler.java,8.3KB
java,TBD,src\main\java\com\mofengbaizhi\tinkersnewlife\client\handler\EarplugSoundHandler.java,1.4KB
java,IMAGINATION,src\main\java\com\mofengbaizhi\tinkersnewlife\client\handler\FlyingSwordFootRenderHandler.java,8KB
java,CURSED,src\main\java\com\mofengbaizhi\tinkersnewlife\client\handler\FumoMoDanceHandler.java,8.1KB
java,CURSED,src\main\java\com\mofengbaizhi\tinkersnewlife\client\handler\FumoMoRenderers.java,5.8KB
java,TBD,src\main\java\com\mofengbaizhi\tinkersnewlife\client\handler\HeatLoverClientHandler.java,2KB
java,IMAGINATION,src\main\java\com\mofengbaizhi\tinkersnewlife\client\handler\LongShortBladeModelHandler.java,10.7KB
java,TBD,src\main\java\com\mofengbaizhi\tinkersnewlife\client\handler\SeaKingsClientHandler.java,2KB
java,TBD,src\main\java\com\mofengbaizhi\tinkersnewlife\client\handler\ServantBossBarCleaner.java,4.8KB
java,TBD,src\main\java\com\mofengbaizhi\tinkersnewlife\client\handler\SilentGloveSoundHandler.java,11.8KB
java,TBD,src\main\java\com\mofengbaizhi\tinkersnewlife\client\handler\SlingshotFirstPersonHandler.java,5KB
java,IMAGINATION,src\main\java\com\mofengbaizhi\tinkersnewlife\client\handler\SpearFirstPersonHandler.java,8.1KB
java,TBD,src\main\java\com\mofengbaizhi\tinkersnewlife\client\handler\UnnameableAmbience.java,2.2KB
java,TBD,src\main\java\com\mofengbaizhi\tinkersnewlife\client\handler\UnnameableClientHandler.java,13.9KB
java,IMAGINATION,src\main\java\com\mofengbaizhi\tinkersnewlife\client\handler\WhipFirstPersonHandler.java,6.4KB
java,TBD,src\main\java\com\mofengbaizhi\tinkersnewlife\client\handler\WhiteSpacePortalOutlineHider.java,3.1KB
java,TBD,src\main\java\com\mofengbaizhi\tinkersnewlife\client\handler\WizardArmorCacheReloadHandler.java,2.3KB
java,TBD,src\main\java\com\mofengbaizhi\tinkersnewlife\client\handler\WizardArmorRenderHandler.java,2.9KB
java,TBD,src\main\java\com\mofengbaizhi\tinkersnewlife\client\hud\ChannelBarRenderer.java,1.9KB
java,IMAGINATION,src\main\java\com\mofengbaizhi\tinkersnewlife\client\hud\ConscienceHudOverlay.java,9.6KB
java,CURSED,src\main\java\com\mofengbaizhi\tinkersnewlife\client\hud\CurseHudConfig.java,4.4KB
java,CURSED,src\main\java\com\mofengbaizhi\tinkersnewlife\client\hud\CurseHudRenderer.java,9.3KB
java,CURSED,src\main\java\com\mofengbaizhi\tinkersnewlife\client\hud\CurseVaultHudRenderer.java,3KB
java,TBD,src\main\java\com\mofengbaizhi\tinkersnewlife\client\hud\EnergyConverterHud.java,6KB
java,IMAGINATION,src\main\java\com\mofengbaizhi\tinkersnewlife\client\hud\LongShortBladeHud.java,10.7KB
java,TBD,src\main\java\com\mofengbaizhi\tinkersnewlife\client\hud\PedestalChargeHud.java,7.4KB
java,TBD,src\main\java\com\mofengbaizhi\tinkersnewlife\client\hud\PlanetariumHud.java,8.2KB
java,CURSED,src\main\java\com\mofengbaizhi\tinkersnewlife\client\hud\PuppetHudRenderer.java,3.4KB
java,TBD,src\main\java\com\mofengbaizhi\tinkersnewlife\client\hud\UnnameableOverlay.java,2.2KB
java,TBD,src\main\java\com\mofengbaizhi\tinkersnewlife\client\hud\WhiteSpacePortalHud.java,3.5KB
java,TBD,src\main\java\com\mofengbaizhi\tinkersnewlife\client\input\KeyBindings.java,3.6KB
java,TBD,src\main\java\com\mofengbaizhi\tinkersnewlife\client\input\KeyHintClient.java,1.7KB
java,TBD,src\main\java\com\mofengbaizhi\tinkersnewlife\client\model\ContextModel.java,4.6KB
java,CURSED,src\main\java\com\mofengbaizhi\tinkersnewlife\client\model\FumoMoHeadModelHolder.java,1.7KB
java,IMAGINATION,src\main\java\com\mofengbaizhi\tinkersnewlife\client\model\LongShortBladeModel.java,13.8KB
java,TBD,src\main\java\com\mofengbaizhi\tinkersnewlife\client\model\WizardArmorColors.java,5.1KB
java,TBD,src\main\java\com\mofengbaizhi\tinkersnewlife\client\model\WizardArmorModel.java,25.9KB
java,TBD,src\main\java\com\mofengbaizhi\tinkersnewlife\client\particle\ExecuteSlashParticle.java,7.7KB
java,TBD,src\main\java\com\mofengbaizhi\tinkersnewlife\client\renderer\BloodNovaRenderer.java,4.2KB
java,TBD,src\main\java\com\mofengbaizhi\tinkersnewlife\client\renderer\BlueprintModels.java,2.3KB
java,TBD,src\main\java\com\mofengbaizhi\tinkersnewlife\client\renderer\BrokenToolModels.java,7.5KB
java,CURSED,src\main\java\com\mofengbaizhi\tinkersnewlife\client\renderer\CurseBoltRenderer.java,0.8KB
java,CURSED,src\main\java\com\mofengbaizhi\tinkersnewlife\client\renderer\CursedOrbRenderer.java,4.3KB
java,CURSED,src\main\java\com\mofengbaizhi\tinkersnewlife\client\renderer\CurseVaultRenderer.java,8.9KB
java,CURSED,src\main\java\com\mofengbaizhi\tinkersnewlife\client\renderer\DomainSphereRenderer.java,8KB
java,CURSED,src\main\java\com\mofengbaizhi\tinkersnewlife\client\renderer\DomainVisualRenderer.java,1.7KB
java,TBD,src\main\java\com\mofengbaizhi\tinkersnewlife\client\renderer\DreadsteelSlashRenderer.java,0.6KB
java,TBD,src\main\java\com\mofengbaizhi\tinkersnewlife\client\renderer\ElderManaPedestalRenderer.java,6KB
java,TBD,src\main\java\com\mofengbaizhi\tinkersnewlife\client\renderer\FlameArrowRenderer.java,0.9KB
java,TBD,src\main\java\com\mofengbaizhi\tinkersnewlife\client\renderer\FlamePhantomRenderer.java,1KB
java,IMAGINATION,src\main\java\com\mofengbaizhi\tinkersnewlife\client\renderer\FlyingSwordFootRenderer.java,3.2KB
java,IMAGINATION,src\main\java\com\mofengbaizhi\tinkersnewlife\client\renderer\FlyingSwordRenderer.java,3.5KB
java,IMAGINATION,src\main\java\com\mofengbaizhi\tinkersnewlife\client\renderer\FlyingSwordTrailRenderer.java,22.8KB
java,CURSED,src\main\java\com\mofengbaizhi\tinkersnewlife\client\renderer\FumoMoBlockEntityRenderer.java,21.4KB
java,CURSED,src\main\java\com\mofengbaizhi\tinkersnewlife\client\renderer\FumoMoCurioRenderer.java,3.2KB
java,CURSED,src\main\java\com\mofengbaizhi\tinkersnewlife\client\renderer\FumoMoHeadLayer.java,2.6KB
java,CURSED,src\main\java\com\mofengbaizhi\tinkersnewlife\client\renderer\FumoMoHeadRender.java,5.8KB
java,CURSED,src\main\java\com\mofengbaizhi\tinkersnewlife\client\renderer\FumoMoItemRenderer.java,3.1KB
java,TBD,src\main\java\com\mofengbaizhi\tinkersnewlife\client\renderer\GourdJailRenderer.java,3.1KB
java,CURSED,src\main\java\com\mofengbaizhi\tinkersnewlife\client\renderer\JacobLadderRenderer.java,1.1KB
java,IMAGINATION,src\main\java\com\mofengbaizhi\tinkersnewlife\client\renderer\LongShortBladeSpinHandler.java,8.8KB
java,CURSED,src\main\java\com\mofengbaizhi\tinkersnewlife\client\renderer\MomoMerchantRenderer.java,2.9KB
java,TBD,src\main\java\com\mofengbaizhi\tinkersnewlife\client\renderer\ProjectionPhantomRenderer.java,2.8KB
java,TBD,src\main\java\com\mofengbaizhi\tinkersnewlife\client\renderer\RitualBeamRenderer.java,2.7KB
java,CURSED,src\main\java\com\mofengbaizhi\tinkersnewlife\client\renderer\ShikigamiIronGolemRenderer.java,4.3KB
java,CURSED,src\main\java\com\mofengbaizhi\tinkersnewlife\client\renderer\ShikigamiWolfRenderer.java,1.5KB
java,TBD,src\main\java\com\mofengbaizhi\tinkersnewlife\client\renderer\ShortBladeThrowRenderer.java,4.8KB
java,TBD,src\main\java\com\mofengbaizhi\tinkersnewlife\client\renderer\SkyUsoraBoltRenderer.java,0.8KB
java,TBD,src\main\java\com\mofengbaizhi\tinkersnewlife\client\renderer\SoldierSlashRenderer.java,19.4KB
java,IMAGINATION,src\main\java\com\mofengbaizhi\tinkersnewlife\client\renderer\SpearChargeAnimation.java,18.8KB
java,CURSED,src\main\java\com\mofengbaizhi\tinkersnewlife\client\renderer\SpiritVortexRenderer.java,0.8KB
java,TBD,src\main\java\com\mofengbaizhi\tinkersnewlife\client\renderer\ThrustGhostCache.java,4.5KB
java,TBD,src\main\java\com\mofengbaizhi\tinkersnewlife\client\renderer\ThrustGhostRenderer.java,8.5KB
java,TBD,src\main\java\com\mofengbaizhi\tinkersnewlife\client\renderer\UnnameableGlitchRenderer.java,7.7KB
java,TBD,src\main\java\com\mofengbaizhi\tinkersnewlife\client\renderer\UnnameableWhisperRenderer.java,6.9KB
java,TBD,src\main\java\com\mofengbaizhi\tinkersnewlife\client\renderer\WeakPointRenderer.java,3.1KB
java,IMAGINATION,src\main\java\com\mofengbaizhi\tinkersnewlife\client\renderer\WhipLashRenderer.java,9.4KB
java,TBD,src\main\java\com\mofengbaizhi\tinkersnewlife\client\renderer\WhiteSpaceDimensionEffects.java,2.9KB
java,TBD,src\main\java\com\mofengbaizhi\tinkersnewlife\client\renderer\WizardArmorLayer.java,4.7KB
java,TBD,src\main\java\com\mofengbaizhi\tinkersnewlife\client\renderer\WizardArmorTextures.java,12.4KB
java,CURSED,src\main\java\com\mofengbaizhi\tinkersnewlife\client\renderer\WuWeiDisguiseLayers.java,7.8KB
java,CURSED,src\main\java\com\mofengbaizhi\tinkersnewlife\client\renderer\WuWeiDisguiseRenderer.java,13.7KB
java,TBD,src\main\java\com\mofengbaizhi\tinkersnewlife\client\renderer\YoYoRenderer.java,9.9KB
java,TBD,src\main\java\com\mofengbaizhi\tinkersnewlife\client\screen\AbstractRowListScreen.java,11KB
java,TBD,src\main\java\com\mofengbaizhi\tinkersnewlife\client\screen\BagScreen.java,4.5KB
java,TBD,src\main\java\com\mofengbaizhi\tinkersnewlife\client\screen\CompendiumScreen.java,6KB
java,TBD,src\main\java\com\mofengbaizhi\tinkersnewlife\client\screen\ConstructSelectScreen.java,22.3KB
java,CURSED,src\main\java\com\mofengbaizhi\tinkersnewlife\client\screen\CursedSpeechScreen.java,5KB
java,CURSED,src\main\java\com\mofengbaizhi\tinkersnewlife\client\screen\CursedSpiritScreen.java,6KB
java,CURSED,src\main\java\com\mofengbaizhi\tinkersnewlife\client\screen\CursedWordPickerScreen.java,5.2KB
java,CURSED,src\main\java\com\mofengbaizhi\tinkersnewlife\client\screen\CurseHudEditScreen.java,7.1KB
java,TBD,src\main\java\com\mofengbaizhi\tinkersnewlife\client\screen\DimensionPassScreen.java,15.2KB
java,TBD,src\main\java\com\mofengbaizhi\tinkersnewlife\client\screen\EeExtractorScreen.java,7.2KB
java,TBD,src\main\java\com\mofengbaizhi\tinkersnewlife\client\screen\GuiEntityViewer.java,5.3KB
java,TBD,src\main\java\com\mofengbaizhi\tinkersnewlife\client\screen\IndustrialPioneerRatesScreen.java,20.5KB
java,TBD,src\main\java\com\mofengbaizhi\tinkersnewlife\client\screen\LangNameIndex.java,2.1KB
java,CURSED,src\main\java\com\mofengbaizhi\tinkersnewlife\client\screen\MomoArt.java,12.7KB
java,CURSED,src\main\java\com\mofengbaizhi\tinkersnewlife\client\screen\MomoHireScreen.java,9.7KB
java,CURSED,src\main\java\com\mofengbaizhi\tinkersnewlife\client\screen\MomoMenuScreen.java,7KB
java,CURSED,src\main\java\com\mofengbaizhi\tinkersnewlife\client\screen\MomoTalkScreen.java,26KB
java,CURSED,src\main\java\com\mofengbaizhi\tinkersnewlife\client\screen\MomoTradeScreen.java,11.7KB
java,TBD,src\main\java\com\mofengbaizhi\tinkersnewlife\client\screen\PlantSelectScreen.java,4.7KB
java,CURSED,src\main\java\com\mofengbaizhi\tinkersnewlife\client\screen\PuppetSelectScreen.java,6.5KB
java,TBD,src\main\java\com\mofengbaizhi\tinkersnewlife\client\screen\QuantumVaultScreen.java,13.1KB
java,CURSED,src\main\java\com\mofengbaizhi\tinkersnewlife\client\screen\ShikigamiScreen.java,5.5KB
java,TBD,src\main\java\com\mofengbaizhi\tinkersnewlife\client\screen\SilentGloveScreen.java,4.3KB
java,CURSED,src\main\java\com\mofengbaizhi\tinkersnewlife\client\screen\WuWeiScreen.java,12KB
java,TBD,src\main\java\com\mofengbaizhi\tinkersnewlife\client\search\FluidSearch.java,18.6KB
java,TBD,src\main\java\com\mofengbaizhi\tinkersnewlife\client\search\PinyinHelper.java,4.6KB
java,TBD,src\main\java\com\mofengbaizhi\tinkersnewlife\client\sound\UnnameableWhisperSound.java,2.7KB
java,COMMON,src\main\java\com\mofengbaizhi\tinkersnewlife\compat\jei\ChargedCreeperMeltingJeiCategory.java,8.5KB
java,CURSED,src\main\java\com\mofengbaizhi\tinkersnewlife\compat\jei\CurseCraftJeiCategory.java,5.5KB
java,COMMON,src\main\java\com\mofengbaizhi\tinkersnewlife\compat\jei\LightningRodConversionJeiCategory.java,6KB
java,COMMON,src\main\java\com\mofengbaizhi\tinkersnewlife\compat\jei\TinkersNewlifeJeiPlugin.java,9.2KB
java,COMMON,src\main\java\com\mofengbaizhi\tinkersnewlife\config\ModConfig.java,89.8KB
java,TBD,src\main\java\com\mofengbaizhi\tinkersnewlife\content\CuriosSlotFallback.java,7.2KB
java,CURSED,src\main\java\com\mofengbaizhi\tinkersnewlife\content\FumoMoBaseItem.java,6KB
java,CURSED,src\main\java\com\mofengbaizhi\tinkersnewlife\content\FumoMoBlockEntity.java,41.1KB
java,CURSED,src\main\java\com\mofengbaizhi\tinkersnewlife\content\FumoMoDoll.java,23.9KB
java,CURSED,src\main\java\com\mofengbaizhi\tinkersnewlife\content\FumoMoItem.java,0.9KB
java,CURSED,src\main\java\com\mofengbaizhi\tinkersnewlife\content\FumoMoSkins.java,14.5KB
java,COMMON,src\main\java\com\mofengbaizhi\tinkersnewlife\content\ModBlockEntities.java,6.3KB
java,COMMON,src\main\java\com\mofengbaizhi\tinkersnewlife\content\ModBlocks.java,14.8KB
java,COMMON,src\main\java\com\mofengbaizhi\tinkersnewlife\content\ModCreativeTabs.java,34.8KB
java,COMMON,src\main\java\com\mofengbaizhi\tinkersnewlife\content\ModCurios.java,8.3KB
java,COMMON,src\main\java\com\mofengbaizhi\tinkersnewlife\content\ModEffects.java,4.9KB
java,COMMON,src\main\java\com\mofengbaizhi\tinkersnewlife\content\ModEntities.java,22.9KB
java,COMMON,src\main\java\com\mofengbaizhi\tinkersnewlife\content\ModFluids.java,11.5KB
java,COMMON,src\main\java\com\mofengbaizhi\tinkersnewlife\content\Modifiers.java,41.6KB
java,COMMON,src\main\java\com\mofengbaizhi\tinkersnewlife\content\ModItems.java,45.9KB
java,COMMON,src\main\java\com\mofengbaizhi\tinkersnewlife\content\ModMenus.java,5.1KB
java,COMMON,src\main\java\com\mofengbaizhi\tinkersnewlife\content\ModParticles.java,2.4KB
java,COMMON,src\main\java\com\mofengbaizhi\tinkersnewlife\content\ModRecipeSerializers.java,6.5KB
java,COMMON,src\main\java\com\mofengbaizhi\tinkersnewlife\content\ModSounds.java,4.7KB
java,COMMON,src\main\java\com\mofengbaizhi\tinkersnewlife\content\ModTooltips.java,9KB
java,IMAGINATION,src\main\java\com\mofengbaizhi\tinkersnewlife\content\block\BloodRedstoneBlock.java,0.9KB
java,IMAGINATION,src\main\java\com\mofengbaizhi\tinkersnewlife\content\block\ConverterCoreHolder.java,1.4KB
java,IMAGINATION,src\main\java\com\mofengbaizhi\tinkersnewlife\content\block\CreateEnergyConverterBlock.java,11.3KB
java,IMAGINATION,src\main\java\com\mofengbaizhi\tinkersnewlife\content\block\CreateEnergyConverterBlockEntity.java,12.3KB
java,CURSED,src\main\java\com\mofengbaizhi\tinkersnewlife\content\block\CurseVaultBlock.java,12.2KB
java,CURSED,src\main\java\com\mofengbaizhi\tinkersnewlife\content\block\CurseVaultBlockEntity.java,6.6KB
java,CURSED,src\main\java\com\mofengbaizhi\tinkersnewlife\content\block\CurseVaultInteractionHandler.java,13.8KB
java,CURSED,src\main\java\com\mofengbaizhi\tinkersnewlife\content\block\CurseVaultVisualBlock.java,1.7KB
java,CURSED,src\main\java\com\mofengbaizhi\tinkersnewlife\content\block\DomainBarrierBlock.java,0.9KB
java,IMAGINATION,src\main\java\com\mofengbaizhi\tinkersnewlife\content\block\EeConverterCore.java,21.5KB
java,IMAGINATION,src\main\java\com\mofengbaizhi\tinkersnewlife\content\block\EeExtractorBlock.java,7.9KB
java,IMAGINATION,src\main\java\com\mofengbaizhi\tinkersnewlife\content\block\EeExtractorBlockEntity.java,22.5KB
java,IMAGINATION,src\main\java\com\mofengbaizhi\tinkersnewlife\content\block\ElderCrystalBlock.java,2.2KB
java,IMAGINATION,src\main\java\com\mofengbaizhi\tinkersnewlife\content\block\ElderCrystalBlockEntity.java,6.6KB
java,IMAGINATION,src\main\java\com\mofengbaizhi\tinkersnewlife\content\block\ElderManaPedestalBlock.java,15.7KB
java,IMAGINATION,src\main\java\com\mofengbaizhi\tinkersnewlife\content\block\ElderManaPedestalBlockEntity.java,36.8KB
java,IMAGINATION,src\main\java\com\mofengbaizhi\tinkersnewlife\content\block\ElderManaPedestalTopBlock.java,12.6KB
java,IMAGINATION,src\main\java\com\mofengbaizhi\tinkersnewlife\content\block\ElderManaPedestalTopBlockEntity.java,6.5KB
java,IMAGINATION,src\main\java\com\mofengbaizhi\tinkersnewlife\content\block\EnergyConverterBlock.java,4.8KB
java,IMAGINATION,src\main\java\com\mofengbaizhi\tinkersnewlife\content\block\EnergyConverterBlockEntity.java,7.7KB
java,IMAGINATION,src\main\java\com\mofengbaizhi\tinkersnewlife\content\block\EnergyConverterFaces.java,3.5KB
java,IMAGINATION,src\main\java\com\mofengbaizhi\tinkersnewlife\content\block\EnergyConverterModBridges.java,11.9KB
java,IMAGINATION,src\main\java\com\mofengbaizhi\tinkersnewlife\content\block\GourdJailVisualBlock.java,1.5KB
java,IMAGINATION,src\main\java\com\mofengbaizhi\tinkersnewlife\content\block\WhiteSpacePortalBlock.java,24.1KB
java,IMAGINATION,src\main\java\com\mofengbaizhi\tinkersnewlife\content\block\WhiteSpacePortalBlockEntity.java,5.3KB
java,TBD,src\main\java\com\mofengbaizhi\tinkersnewlife\content\curio\IndustrialPioneerHandler.java,12.3KB
java,CURSED,src\main\java\com\mofengbaizhi\tinkersnewlife\content\curse\AchievementHandler.java,16.2KB
java,CURSED,src\main\java\com\mofengbaizhi\tinkersnewlife\content\curse\BlackFlashHandler.java,12.1KB
java,CURSED,src\main\java\com\mofengbaizhi\tinkersnewlife\content\curse\BlackFlashParticleHelper.java,7.6KB
java,CURSED,src\main\java\com\mofengbaizhi\tinkersnewlife\content\curse\CurseBottleHelper.java,7.6KB
java,CURSED,src\main\java\com\mofengbaizhi\tinkersnewlife\content\curse\CurseCoreTraitHelper.java,4.3KB
java,CURSED,src\main\java\com\mofengbaizhi\tinkersnewlife\content\curse\CurseDeath.java,5.3KB
java,CURSED,src\main\java\com\mofengbaizhi\tinkersnewlife\content\curse\CursePowerHandler.java,5.5KB
java,CURSED,src\main\java\com\mofengbaizhi\tinkersnewlife\content\curse\CursePowerHelper.java,27.7KB
java,CURSED,src\main\java\com\mofengbaizhi\tinkersnewlife\content\curse\CurseVaultData.java,9.8KB
java,CURSED,src\main\java\com\mofengbaizhi\tinkersnewlife\content\curse\KillAttribution.java,9.8KB
java,CURSED,src\main\java\com\mofengbaizhi\tinkersnewlife\content\curse\KnockbackHelper.java,0.8KB
java,CURSED,src\main\java\com\mofengbaizhi\tinkersnewlife\content\curse\LifeLampRingHandler.java,19.2KB
java,CURSED,src\main\java\com\mofengbaizhi\tinkersnewlife\content\curse\StunHandler.java,12.7KB
java,CURSED,src\main\java\com\mofengbaizhi\tinkersnewlife\content\curse\TechniqueAdvancementHandler.java,5.3KB
java,CURSED,src\main\java\com\mofengbaizhi\tinkersnewlife\content\curse\TechniqueHandler.java,32.4KB
java,CURSED,src\main\java\com\mofengbaizhi\tinkersnewlife\content\curse\TwinRingImmunityHandler.java,3.1KB
java,CURSED,src\main\java\com\mofengbaizhi\tinkersnewlife\content\curse\TwinRingLink.java,8.3KB
java,CURSED,src\main\java\com\mofengbaizhi\tinkersnewlife\content\curse\WuWeiHandler.java,79.4KB
java,CURSED,src\main\java\com\mofengbaizhi\tinkersnewlife\content\curse\binding\BindingStateHandler.java,20.2KB
java,CURSED,src\main\java\com\mofengbaizhi\tinkersnewlife\content\curse\domain\BaseDomain.java,40.6KB
java,CURSED,src\main\java\com\mofengbaizhi\tinkersnewlife\content\curse\domain\DangYunPingXianDomain.java,36.5KB
java,CURSED,src\main\java\com\mofengbaizhi\tinkersnewlife\content\curse\domain\DomainRegistry.java,38.7KB
java,CURSED,src\main\java\com\mofengbaizhi\tinkersnewlife\content\curse\domain\ExecutionDomain.java,24.4KB
java,CURSED,src\main\java\com\mofengbaizhi\tinkersnewlife\content\curse\domain\FuMoYuChuZiDomain.java,8.8KB
java,CURSED,src\main\java\com\mofengbaizhi\tinkersnewlife\content\curse\domain\QianheYingyiDomain.java,6.1KB
java,CURSED,src\main\java\com\mofengbaizhi\tinkersnewlife\content\curse\domain\SanChongJiKuDomain.java,12.9KB
java,CURSED,src\main\java\com\mofengbaizhi\tinkersnewlife\content\curse\domain\ShiBaoYueGongDianDomain.java,6KB
java,CURSED,src\main\java\com\mofengbaizhi\tinkersnewlife\content\curse\domain\TaizangBianyeDomain.java,6.4KB
java,CURSED,src\main\java\com\mofengbaizhi\tinkersnewlife\content\curse\domain\TieGuanGaiWeiShanDomain.java,5.5KB
java,CURSED,src\main\java\com\mofengbaizhi\tinkersnewlife\content\curse\domain\WuLiangKongChuDomain.java,8.6KB
java,CURSED,src\main\java\com\mofengbaizhi\tinkersnewlife\content\curse\domain\ZhenyanXiangaiDomain.java,3.9KB
java,CURSED,src\main\java\com\mofengbaizhi\tinkersnewlife\content\curse\domain\ZiBiYuanDunGuoDomain.java,6.8KB
java,CURSED,src\main\java\com\mofengbaizhi\tinkersnewlife\content\curse\domain\ZuoShaBoTuDomain.java,9.3KB
java,CURSED,src\main\java\com\mofengbaizhi\tinkersnewlife\content\curse\ritual\BindingRitualHandler.java,33KB
java,CURSED,src\main\java\com\mofengbaizhi\tinkersnewlife\content\curse\ritual\CurseCoreRitualHandler.java,24.5KB
java,CURSED,src\main\java\com\mofengbaizhi\tinkersnewlife\content\curse\ritual\CurseCraftRitualHandler.java,27.1KB
java,CURSED,src\main\java\com\mofengbaizhi\tinkersnewlife\content\curse\ritual\CurseCraftStructure.java,8.8KB
java,CURSED,src\main\java\com\mofengbaizhi\tinkersnewlife\content\curse\shikigami\ShikigamiHandler.java,19.9KB
java,CURSED,src\main\java\com\mofengbaizhi\tinkersnewlife\content\curse\shikigami\ShikigamiType.java,7.1KB
java,CURSED,src\main\java\com\mofengbaizhi\tinkersnewlife\content\curse\skill\SkillHandler.java,9.1KB
java,CURSED,src\main\java\com\mofengbaizhi\tinkersnewlife\content\curse\technique\AntiGravityTechnique.java,12.8KB
java,CURSED,src\main\java\com\mofengbaizhi\tinkersnewlife\content\curse\technique\BaseTechnique.java,8.4KB
java,CURSED,src\main\java\com\mofengbaizhi\tinkersnewlife\content\curse\technique\BlackBirdTechnique.java,4.9KB
java,CURSED,src\main\java\com\mofengbaizhi\tinkersnewlife\content\curse\technique\BloodManipulationTechnique.java,13.1KB
java,CURSED,src\main\java\com\mofengbaizhi\tinkersnewlife\content\curse\technique\BlueprintCompat.java,20.9KB
java,CURSED,src\main\java\com\mofengbaizhi\tinkersnewlife\content\curse\technique\ConstructCommand.java,5.2KB
java,CURSED,src\main\java\com\mofengbaizhi\tinkersnewlife\content\curse\technique\ConstructFluidValues.java,13.6KB
java,CURSED,src\main\java\com\mofengbaizhi\tinkersnewlife\content\curse\technique\ConstructLootIndex.java,27.2KB
java,CURSED,src\main\java\com\mofengbaizhi\tinkersnewlife\content\curse\technique\ConstructTechnique.java,174.6KB
java,CURSED,src\main\java\com\mofengbaizhi\tinkersnewlife\content\curse\technique\CursedEnergyReleaseTechnique.java,12.7KB
java,CURSED,src\main\java\com\mofengbaizhi\tinkersnewlife\content\curse\technique\CursedSpeechTechnique.java,33KB
java,CURSED,src\main\java\com\mofengbaizhi\tinkersnewlife\content\curse\technique\CursedSpiritTechnique.java,83.4KB
java,CURSED,src\main\java\com\mofengbaizhi\tinkersnewlife\content\curse\technique\FlameManipulationTechnique.java,15KB
java,CURSED,src\main\java\com\mofengbaizhi\tinkersnewlife\content\curse\technique\JacobsLadderTechnique.java,5.5KB
java,CURSED,src\main\java\com\mofengbaizhi\tinkersnewlife\content\curse\technique\LightningManipulationTechnique.java,11.3KB
java,CURSED,src\main\java\com\mofengbaizhi\tinkersnewlife\content\curse\technique\PlantManipulationTechnique.java,18.7KB
java,CURSED,src\main\java\com\mofengbaizhi\tinkersnewlife\content\curse\technique\ProjectionTechnique.java,7.7KB
java,CURSED,src\main\java\com\mofengbaizhi\tinkersnewlife\content\curse\technique\PuppetTechnique.java,7.5KB
java,CURSED,src\main\java\com\mofengbaizhi\tinkersnewlife\content\curse\technique\ReverseCursedTechnique.java,5.6KB
java,CURSED,src\main\java\com\mofengbaizhi\tinkersnewlife\content\curse\technique\SkyManipulationTechnique.java,8.3KB
java,CURSED,src\main\java\com\mofengbaizhi\tinkersnewlife\content\curse\technique\TenDivideTechnique.java,5KB
java,CURSED,src\main\java\com\mofengbaizhi\tinkersnewlife\content\curse\technique\TenShadowsTechnique.java,2KB
java,CURSED,src\main\java\com\mofengbaizhi\tinkersnewlife\content\curse\technique\WuliangCangTechnique.java,6.2KB
java,CURSED,src\main\java\com\mofengbaizhi\tinkersnewlife\content\curse\technique\WuliangWuxianTechnique.java,6KB
java,CURSED,src\main\java\com\mofengbaizhi\tinkersnewlife\content\curse\technique\WuWeiTechnique.java,3.8KB
java,CURSED,src\main\java\com\mofengbaizhi\tinkersnewlife\content\curse\technique\YuchuziTechnique.java,13.5KB
java,CURSED,src\main\java\com\mofengbaizhi\tinkersnewlife\content\cursespeech\CurseChant.java,3.3KB
java,CURSED,src\main\java\com\mofengbaizhi\tinkersnewlife\content\cursespeech\CursedSpeechCommand.java,5.5KB
java,CURSED,src\main\java\com\mofengbaizhi\tinkersnewlife\content\cursespeech\CursedSpeechRegistry.java,6.2KB
java,CURSED,src\main\java\com\mofengbaizhi\tinkersnewlife\content\cursespeech\CursedSpeechState.java,5.3KB
java,TBD,src\main\java\com\mofengbaizhi\tinkersnewlife\content\effect\AntiHealEffect.java,0.4KB
java,TBD,src\main\java\com\mofengbaizhi\tinkersnewlife\content\effect\CharmEffect.java,0.3KB
java,TBD,src\main\java\com\mofengbaizhi\tinkersnewlife\content\effect\DamageLimitEffect.java,6.3KB
java,TBD,src\main\java\com\mofengbaizhi\tinkersnewlife\content\effect\DisarmEffect.java,13.4KB
java,TBD,src\main\java\com\mofengbaizhi\tinkersnewlife\content\effect\FrostEffect.java,1.9KB
java,TBD,src\main\java\com\mofengbaizhi\tinkersnewlife\content\effect\SeedParasiteEffect.java,1.1KB
java,TBD,src\main\java\com\mofengbaizhi\tinkersnewlife\content\effect\StunEffect.java,0.8KB
java,TBD,src\main\java\com\mofengbaizhi\tinkersnewlife\content\effect\UnnameableEffect.java,4.9KB
java,IMAGINATION,src\main\java\com\mofengbaizhi\tinkersnewlife\content\effect\WhipWeakenEffect.java,5.3KB
java,TBD,src\main\java\com\mofengbaizhi\tinkersnewlife\content\energy\AmbientEnergySource.java,5.8KB
java,TBD,src\main\java\com\mofengbaizhi\tinkersnewlife\content\energy\AmbientEnergySources.java,11.1KB
java,TBD,src\main\java\com\mofengbaizhi\tinkersnewlife\content\energy\DemigodPlayerEnergySource.java,3.5KB
java,TBD,src\main\java\com\mofengbaizhi\tinkersnewlife\content\energy\EeStorage.java,3.8KB
java,TBD,src\main\java\com\mofengbaizhi\tinkersnewlife\content\energy\EeStorages.java,12KB
java,TBD,src\main\java\com\mofengbaizhi\tinkersnewlife\content\energy\ElderCrystalStorage.java,10.4KB
java,TBD,src\main\java\com\mofengbaizhi\tinkersnewlife\content\energy\EnergyUnits.java,13.6KB
java,TBD,src\main\java\com\mofengbaizhi\tinkersnewlife\content\energy\LightLevelEnergySource.java,4.9KB
java,TBD,src\main\java\com\mofengbaizhi\tinkersnewlife\content\energy\PlantEnergySource.java,19.9KB
java,TBD,src\main\java\com\mofengbaizhi\tinkersnewlife\content\energy\SoulDeathEnergySource.java,6.2KB
java,TBD,src\main\java\com\mofengbaizhi\tinkersnewlife\content\energy\TConFuelEnergySource.java,14.1KB
java,CURSED,src\main\java\com\mofengbaizhi\tinkersnewlife\content\entity\BlackBirdEntity.java,12.8KB
java,TBD,src\main\java\com\mofengbaizhi\tinkersnewlife\content\entity\BloodNovaEntity.java,5.9KB
java,CURSED,src\main\java\com\mofengbaizhi\tinkersnewlife\content\entity\CurseBoltEntity.java,5KB
java,CURSED,src\main\java\com\mofengbaizhi\tinkersnewlife\content\entity\CursedOrbEntity.java,17.6KB
java,CURSED,src\main\java\com\mofengbaizhi\tinkersnewlife\content\entity\DomainVisualEntity.java,8.6KB
java,TBD,src\main\java\com\mofengbaizhi\tinkersnewlife\content\entity\DreadsteelSlashEntity.java,14.7KB
java,TBD,src\main\java\com\mofengbaizhi\tinkersnewlife\content\entity\FlameArrowEntity.java,6.8KB
java,TBD,src\main\java\com\mofengbaizhi\tinkersnewlife\content\entity\FlamePhantom.java,8.7KB
java,IMAGINATION,src\main\java\com\mofengbaizhi\tinkersnewlife\content\entity\FlyingSwordEntity.java,20.4KB
java,IMAGINATION,src\main\java\com\mofengbaizhi\tinkersnewlife\content\entity\FlyingSwordFootEntity.java,4.5KB
java,CURSED,src\main\java\com\mofengbaizhi\tinkersnewlife\content\entity\JacobLadderEntity.java,18.1KB
java,CURSED,src\main\java\com\mofengbaizhi\tinkersnewlife\content\entity\MomoConst.java,1.6KB
java,CURSED,src\main\java\com\mofengbaizhi\tinkersnewlife\content\entity\MomoMerchant.java,140.8KB
java,TBD,src\main\java\com\mofengbaizhi\tinkersnewlife\content\entity\ProjectionPhantomEntity.java,4.9KB
java,CURSED,src\main\java\com\mofengbaizhi\tinkersnewlife\content\entity\PuppetGolemMob.java,1.2KB
java,CURSED,src\main\java\com\mofengbaizhi\tinkersnewlife\content\entity\PuppetIronGolem.java,13.8KB
java,CURSED,src\main\java\com\mofengbaizhi\tinkersnewlife\content\entity\PuppetSnowball.java,1.9KB
java,CURSED,src\main\java\com\mofengbaizhi\tinkersnewlife\content\entity\PuppetSnowGolem.java,12.2KB
java,CURSED,src\main\java\com\mofengbaizhi\tinkersnewlife\content\entity\PuppetUtil.java,4.1KB
java,TBD,src\main\java\com\mofengbaizhi\tinkersnewlife\content\entity\RitualBeamEntity.java,4.1KB
java,CURSED,src\main\java\com\mofengbaizhi\tinkersnewlife\content\entity\ShikigamiBehavior.java,35.4KB
java,CURSED,src\main\java\com\mofengbaizhi\tinkersnewlife\content\entity\ShikigamiCow.java,3.6KB
java,CURSED,src\main\java\com\mofengbaizhi\tinkersnewlife\content\entity\ShikigamiFrog.java,3.3KB
java,CURSED,src\main\java\com\mofengbaizhi\tinkersnewlife\content\entity\ShikigamiGoat.java,3.3KB
java,CURSED,src\main\java\com\mofengbaizhi\tinkersnewlife\content\entity\ShikigamiIronGolem.java,4.1KB
java,CURSED,src\main\java\com\mofengbaizhi\tinkersnewlife\content\entity\ShikigamiMob.java,1.7KB
java,CURSED,src\main\java\com\mofengbaizhi\tinkersnewlife\content\entity\ShikigamiPhantom.java,11KB
java,CURSED,src\main\java\com\mofengbaizhi\tinkersnewlife\content\entity\ShikigamiPig.java,3.3KB
java,CURSED,src\main\java\com\mofengbaizhi\tinkersnewlife\content\entity\ShikigamiRabbit.java,3.3KB
java,CURSED,src\main\java\com\mofengbaizhi\tinkersnewlife\content\entity\ShikigamiSheep.java,3.8KB
java,CURSED,src\main\java\com\mofengbaizhi\tinkersnewlife\content\entity\ShikigamiSilverfish.java,3.4KB
java,CURSED,src\main\java\com\mofengbaizhi\tinkersnewlife\content\entity\ShikigamiState.java,2KB
java,CURSED,src\main\java\com\mofengbaizhi\tinkersnewlife\content\entity\ShikigamiWolf.java,3.3KB
java,TBD,src\main\java\com\mofengbaizhi\tinkersnewlife\content\entity\ShortBladeThrowEntity.java,8.7KB
java,TBD,src\main\java\com\mofengbaizhi\tinkersnewlife\content\entity\SkyUsoraBoltEntity.java,7.3KB
java,TBD,src\main\java\com\mofengbaizhi\tinkersnewlife\content\entity\SoldierSlashEntity.java,11.3KB
java,CURSED,src\main\java\com\mofengbaizhi\tinkersnewlife\content\entity\SpiritVortexEntity.java,5.6KB
java,TBD,src\main\java\com\mofengbaizhi\tinkersnewlife\content\entity\StoneShotEntity.java,7.5KB
java,TBD,src\main\java\com\mofengbaizhi\tinkersnewlife\content\entity\SwordGuidance.java,14.4KB
java,TBD,src\main\java\com\mofengbaizhi\tinkersnewlife\content\entity\WeakPointEntity.java,7.6KB
java,IMAGINATION,src\main\java\com\mofengbaizhi\tinkersnewlife\content\entity\WhipLashEntity.java,37KB
java,IMAGINATION,src\main\java\com\mofengbaizhi\tinkersnewlife\content\entity\WhipPhysics.java,40.9KB
java,TBD,src\main\java\com\mofengbaizhi\tinkersnewlife\content\entity\YoYoEntity.java,18.9KB
java,IMAGINATION,src\main\java\com\mofengbaizhi\tinkersnewlife\content\fluid\FluidRegistrar.java,6.6KB
java,IMAGINATION,src\main\java\com\mofengbaizhi\tinkersnewlife\content\fluid\base\BaseFluidType.java,1.5KB
java,IMAGINATION,src\main\java\com\mofengbaizhi\tinkersnewlife\content\fluid\type\MantleFluidType.java,1.1KB
java,IMAGINATION,src\main\java\com\mofengbaizhi\tinkersnewlife\content\fluid\type\SimpleFluidType.java,0.6KB
java,TBD,src\main\java\com\mofengbaizhi\tinkersnewlife\content\goety\ModularStaffGoety.java,6.1KB
java,CURSED,src\main\java\com\mofengbaizhi\tinkersnewlife\content\gourd\GourdJailData.java,6.9KB
java,CURSED,src\main\java\com\mofengbaizhi\tinkersnewlife\content\gourd\GourdJailEntity.java,37.9KB
java,CURSED,src\main\java\com\mofengbaizhi\tinkersnewlife\content\gourd\GourdJailHandler.java,17.5KB
java,CURSED,src\main\java\com\mofengbaizhi\tinkersnewlife\content\gourd\GourdJailItem.java,5.6KB
java,IMAGINATION,src\main\java\com\mofengbaizhi\tinkersnewlife\content\handler\AchievementCommand.java,9.9KB
java,IMAGINATION,src\main\java\com\mofengbaizhi\tinkersnewlife\content\handler\ArrowBowHandler.java,2.5KB
java,IMAGINATION,src\main\java\com\mofengbaizhi\tinkersnewlife\content\handler\BossFightHandler.java,32.5KB
java,IMAGINATION,src\main\java\com\mofengbaizhi\tinkersnewlife\content\handler\ChargedCreeperMeltingCompatHandler.java,4.5KB
java,IMAGINATION,src\main\java\com\mofengbaizhi\tinkersnewlife\content\handler\CognitiveMaskHandler.java,5.6KB
java,IMAGINATION,src\main\java\com\mofengbaizhi\tinkersnewlife\content\handler\ConscienceAlignmentHandler.java,20.9KB
java,IMAGINATION,src\main\java\com\mofengbaizhi\tinkersnewlife\content\handler\ConscienceCombatHandler.java,20.2KB
java,IMAGINATION,src\main\java\com\mofengbaizhi\tinkersnewlife\content\handler\ConscienceDeedHandler.java,16.6KB
java,IMAGINATION,src\main\java\com\mofengbaizhi\tinkersnewlife\content\handler\ConscienceHandler.java,16.7KB
java,IMAGINATION,src\main\java\com\mofengbaizhi\tinkersnewlife\content\handler\ConscienceHungerHandler.java,12.6KB
java,IMAGINATION,src\main\java\com\mofengbaizhi\tinkersnewlife\content\handler\ConscienceThresholdHandler.java,27.2KB
java,IMAGINATION,src\main\java\com\mofengbaizhi\tinkersnewlife\content\handler\ConscienceTradeHandler.java,14.3KB
java,IMAGINATION,src\main\java\com\mofengbaizhi\tinkersnewlife\content\handler\CosmicHandler.java,3KB
java,IMAGINATION,src\main\java\com\mofengbaizhi\tinkersnewlife\content\handler\DragonStaffHandler.java,33KB
java,IMAGINATION,src\main\java\com\mofengbaizhi\tinkersnewlife\content\handler\DragonsteelHandler.java,13.5KB
java,IMAGINATION,src\main\java\com\mofengbaizhi\tinkersnewlife\content\handler\DurandalConversionHandler.java,4.9KB
java,IMAGINATION,src\main\java\com\mofengbaizhi\tinkersnewlife\content\handler\ElderCrystalColdHandler.java,9KB
java,IMAGINATION,src\main\java\com\mofengbaizhi\tinkersnewlife\content\handler\ElderCrystalLocateCommand.java,5.9KB
java,IMAGINATION,src\main\java\com\mofengbaizhi\tinkersnewlife\content\handler\ElderCrystalManaFeeder.java,9.9KB
java,IMAGINATION,src\main\java\com\mofengbaizhi\tinkersnewlife\content\handler\FeverHandler.java,4.7KB
java,IMAGINATION,src\main\java\com\mofengbaizhi\tinkersnewlife\content\handler\FlyingSwordCuriosHandler.java,14.8KB
java,CURSED,src\main\java\com\mofengbaizhi\tinkersnewlife\content\handler\FumoMoGiftHandler.java,2.1KB
java,IMAGINATION,src\main\java\com\mofengbaizhi\tinkersnewlife\content\handler\GuideBookFixHandler.java,1.7KB
java,IMAGINATION,src\main\java\com\mofengbaizhi\tinkersnewlife\content\handler\HeatLoverHandler.java,8.9KB
java,IMAGINATION,src\main\java\com\mofengbaizhi\tinkersnewlife\content\handler\InfusionHandler.java,6.3KB
java,IMAGINATION,src\main\java\com\mofengbaizhi\tinkersnewlife\content\handler\ItemTagNormalizer.java,8.1KB
java,IMAGINATION,src\main\java\com\mofengbaizhi\tinkersnewlife\content\handler\KineticImpactHandler.java,14.8KB
java,IMAGINATION,src\main\java\com\mofengbaizhi\tinkersnewlife\content\handler\LightningRodConversionHandler.java,11.1KB
java,IMAGINATION,src\main\java\com\mofengbaizhi\tinkersnewlife\content\handler\LongShortBladeHandler.java,32.7KB
java,IMAGINATION,src\main\java\com\mofengbaizhi\tinkersnewlife\content\handler\ManaShieldHandler.java,2.7KB
java,CURSED,src\main\java\com\mofengbaizhi\tinkersnewlife\content\handler\MomoCommand.java,6.7KB
java,CURSED,src\main\java\com\mofengbaizhi\tinkersnewlife\content\handler\MomoFavor.java,5.1KB
java,CURSED,src\main\java\com\mofengbaizhi\tinkersnewlife\content\handler\MomoInteractHandler.java,2.8KB
java,CURSED,src\main\java\com\mofengbaizhi\tinkersnewlife\content\handler\MomoMerchantHandler.java,10KB
java,IMAGINATION,src\main\java\com\mofengbaizhi\tinkersnewlife\content\handler\NicholasBlessingHandler.java,7.9KB
java,IMAGINATION,src\main\java\com\mofengbaizhi\tinkersnewlife\content\handler\PlayerDataPersistHandler.java,7KB
java,IMAGINATION,src\main\java\com\mofengbaizhi\tinkersnewlife\content\handler\RapierCombatHandler.java,6.4KB
java,IMAGINATION,src\main\java\com\mofengbaizhi\tinkersnewlife\content\handler\RlyehCallHandler.java,5KB
java,IMAGINATION,src\main\java\com\mofengbaizhi\tinkersnewlife\content\handler\SeaKingsPowerHandler.java,6.6KB
java,CURSED,src\main\java\com\mofengbaizhi\tinkersnewlife\content\handler\SevenCursesBoundHandler.java,10.7KB
java,CURSED,src\main\java\com\mofengbaizhi\tinkersnewlife\content\handler\SevenCursesWaiverHandler.java,19KB
java,IMAGINATION,src\main\java\com\mofengbaizhi\tinkersnewlife\content\handler\SpearCombatHandler.java,29.1KB
java,IMAGINATION,src\main\java\com\mofengbaizhi\tinkersnewlife\content\handler\SpiritualEtherHandler.java,17.2KB
java,IMAGINATION,src\main\java\com\mofengbaizhi\tinkersnewlife\content\handler\SummonDropSuppressor.java,2.6KB
java,IMAGINATION,src\main\java\com\mofengbaizhi\tinkersnewlife\content\handler\SupervisorHandler.java,10.8KB
java,IMAGINATION,src\main\java\com\mofengbaizhi\tinkersnewlife\content\handler\TianNiHuoInterruptHandler.java,11KB
java,IMAGINATION,src\main\java\com\mofengbaizhi\tinkersnewlife\content\handler\TianNiHuoPierceHandler.java,7.6KB
java,IMAGINATION,src\main\java\com\mofengbaizhi\tinkersnewlife\content\handler\TranscendentDimensionHandler.java,14.3KB
java,IMAGINATION,src\main\java\com\mofengbaizhi\tinkersnewlife\content\handler\WhipBlockHandler.java,17.3KB
java,IMAGINATION,src\main\java\com\mofengbaizhi\tinkersnewlife\content\handler\WizardArmorSetHandler.java,12.1KB
java,IMAGINATION,src\main\java\com\mofengbaizhi\tinkersnewlife\content\handler\YellowKingHandler.java,11.5KB
java,IMAGINATION,src\main\java\com\mofengbaizhi\tinkersnewlife\content\handler\YogSothothKeyHandler.java,4.8KB
java,IMAGINATION,src\main\java\com\mofengbaizhi\tinkersnewlife\content\handler\YouYunAttackHandler.java,4.4KB
java,CURSED,src\main\java\com\mofengbaizhi\tinkersnewlife\content\item\AncientCursedScrollItem.java,5.7KB
java,IMAGINATION,src\main\java\com\mofengbaizhi\tinkersnewlife\content\item\CognitiveMaskItem.java,5.7KB
java,IMAGINATION,src\main\java\com\mofengbaizhi\tinkersnewlife\content\item\CompendiumItem.java,14.8KB
java,IMAGINATION,src\main\java\com\mofengbaizhi\tinkersnewlife\content\item\ConscienceItem.java,8.8KB
java,IMAGINATION,src\main\java\com\mofengbaizhi\tinkersnewlife\content\item\ConstructedBlueprintItem.java,32KB
java,CURSED,src\main\java\com\mofengbaizhi\tinkersnewlife\content\item\CurseBottleItem.java,9.1KB
java,CURSED,src\main\java\com\mofengbaizhi\tinkersnewlife\content\item\CurseCoreItem.java,1.8KB
java,CURSED,src\main\java\com\mofengbaizhi\tinkersnewlife\content\item\CursedToolItem.java,3.3KB
java,CURSED,src\main\java\com\mofengbaizhi\tinkersnewlife\content\item\CurseVaultItem.java,3.3KB
java,IMAGINATION,src\main\java\com\mofengbaizhi\tinkersnewlife\content\item\DimensionPassItem.java,5.4KB
java,IMAGINATION,src\main\java\com\mofengbaizhi\tinkersnewlife\content\item\DragonCoreItem.java,0.7KB
java,IMAGINATION,src\main\java\com\mofengbaizhi\tinkersnewlife\content\item\DragonStaffItem.java,1.8KB
java,IMAGINATION,src\main\java\com\mofengbaizhi\tinkersnewlife\content\item\DurandalSwordItem.java,1.3KB
java,IMAGINATION,src\main\java\com\mofengbaizhi\tinkersnewlife\content\item\EeExtractorItem.java,2.2KB
java,IMAGINATION,src\main\java\com\mofengbaizhi\tinkersnewlife\content\item\ElderCrystalBlockItem.java,2.3KB
java,IMAGINATION,src\main\java\com\mofengbaizhi\tinkersnewlife\content\item\ElderCrystalItem.java,4KB
java,IMAGINATION,src\main\java\com\mofengbaizhi\tinkersnewlife\content\item\ElderManaPedestalItem.java,2.5KB
java,IMAGINATION,src\main\java\com\mofengbaizhi\tinkersnewlife\content\item\EnergyConverterItem.java,2.6KB
java,IMAGINATION,src\main\java\com\mofengbaizhi\tinkersnewlife\content\item\ExecutionSwordItem.java,1.8KB
java,IMAGINATION,src\main\java\com\mofengbaizhi\tinkersnewlife\content\item\FlameArrowItem.java,1KB
java,IMAGINATION,src\main\java\com\mofengbaizhi\tinkersnewlife\content\item\FlyingSwordItem.java,10.3KB
java,IMAGINATION,src\main\java\com\mofengbaizhi\tinkersnewlife\content\item\IndustrialPioneerCertificateItem.java,14KB
java,IMAGINATION,src\main\java\com\mofengbaizhi\tinkersnewlife\content\item\LifeLampRingItem.java,3.4KB
java,IMAGINATION,src\main\java\com\mofengbaizhi\tinkersnewlife\content\item\LongShortBladeItem.java,39.6KB
java,IMAGINATION,src\main\java\com\mofengbaizhi\tinkersnewlife\content\item\ModularStaffItem.java,2.2KB
java,IMAGINATION,src\main\java\com\mofengbaizhi\tinkersnewlife\content\item\PlanetariumItem.java,4.1KB
java,IMAGINATION,src\main\java\com\mofengbaizhi\tinkersnewlife\content\item\RapierItem.java,5.4KB
java,IMAGINATION,src\main\java\com\mofengbaizhi\tinkersnewlife\content\item\RingOfOneMindItem.java,10.7KB
java,IMAGINATION,src\main\java\com\mofengbaizhi\tinkersnewlife\content\item\SilentGloveItem.java,12KB
java,IMAGINATION,src\main\java\com\mofengbaizhi\tinkersnewlife\content\item\SlingshotItem.java,8.5KB
java,IMAGINATION,src\main\java\com\mofengbaizhi\tinkersnewlife\content\item\SpearItem.java,12.5KB
java,IMAGINATION,src\main\java\com\mofengbaizhi\tinkersnewlife\content\item\TangHengDaoItem.java,3.7KB
java,IMAGINATION,src\main\java\com\mofengbaizhi\tinkersnewlife\content\item\TianNiHuoItem.java,8.7KB
java,IMAGINATION,src\main\java\com\mofengbaizhi\tinkersnewlife\content\item\WarScytheItem.java,9KB
java,IMAGINATION,src\main\java\com\mofengbaizhi\tinkersnewlife\content\item\WhipItem.java,17.1KB
java,IMAGINATION,src\main\java\com\mofengbaizhi\tinkersnewlife\content\item\WizardArmorItem.java,4.7KB
java,IMAGINATION,src\main\java\com\mofengbaizhi\tinkersnewlife\content\item\YouYunItem.java,1.8KB
java,IMAGINATION,src\main\java\com\mofengbaizhi\tinkersnewlife\content\item\YoYoItem.java,4KB
java,TBD,src\main\java\com\mofengbaizhi\tinkersnewlife\content\loot\AddItemsModifier.java,2.6KB
java,TBD,src\main\java\com\mofengbaizhi\tinkersnewlife\content\loot\ChestScrollInjector.java,8.3KB
java,CURSED,src\main\java\com\mofengbaizhi\tinkersnewlife\content\loot\CurseAffinityLootModifier.java,7.2KB
java,TBD,src\main\java\com\mofengbaizhi\tinkersnewlife\content\loot\LootModifierSerializers.java,1.2KB
java,TBD,src\main\java\com\mofengbaizhi\tinkersnewlife\content\loot\RandomGloveModifier.java,4.6KB
java,TBD,src\main\java\com\mofengbaizhi\tinkersnewlife\content\menu\EeExtractorMenu.java,10.7KB
java,TBD,src\main\java\com\mofengbaizhi\tinkersnewlife\content\menu\EeExtractorSlotHandler.java,7KB
java,TBD,src\main\java\com\mofengbaizhi\tinkersnewlife\content\menu\ElderManaPedestalItemHandler.java,5.6KB
java,CURSED,src\main\java\com\mofengbaizhi\tinkersnewlife\content\menu\MomoMenu.java,5.5KB
java,COMMON,src\main\java\com\mofengbaizhi\tinkersnewlife\content\modifier\AllPathsOneTrait.java,18.8KB
java,COMMON,src\main\java\com\mofengbaizhi\tinkersnewlife\content\modifier\AllSpellsUnityModifier.java,3.9KB
java,COMMON,src\main\java\com\mofengbaizhi\tinkersnewlife\content\modifier\AncientSanctuaryModifier.java,3.4KB
java,COMMON,src\main\java\com\mofengbaizhi\tinkersnewlife\content\modifier\AntiGravityTrait.java,0.9KB
java,COMMON,src\main\java\com\mofengbaizhi\tinkersnewlife\content\modifier\ArcaneConductionModifier.java,4.9KB
java,COMMON,src\main\java\com\mofengbaizhi\tinkersnewlife\content\modifier\ArcaneDominationModifier.java,2.8KB
java,COMMON,src\main\java\com\mofengbaizhi\tinkersnewlife\content\modifier\AristocraticDiningModifier.java,1.9KB
java,COMMON,src\main\java\com\mofengbaizhi\tinkersnewlife\content\modifier\BeyondDimensionTrait.java,9.9KB
java,COMMON,src\main\java\com\mofengbaizhi\tinkersnewlife\content\modifier\BitingFrostModifier.java,2.6KB
java,CURSED,src\main\java\com\mofengbaizhi\tinkersnewlife\content\modifier\BlackBirdTrait.java,0.7KB
java,COMMON,src\main\java\com\mofengbaizhi\tinkersnewlife\content\modifier\BlackFlashTrait.java,0.8KB
java,COMMON,src\main\java\com\mofengbaizhi\tinkersnewlife\content\modifier\BlasphemyModifier.java,2.3KB
java,COMMON,src\main\java\com\mofengbaizhi\tinkersnewlife\content\modifier\BlazingModifier.java,2.4KB
java,COMMON,src\main\java\com\mofengbaizhi\tinkersnewlife\content\modifier\BloodManipulationTrait.java,0.4KB
java,COMMON,src\main\java\com\mofengbaizhi\tinkersnewlife\content\modifier\ButcherModifier.java,0.8KB
java,COMMON,src\main\java\com\mofengbaizhi\tinkersnewlife\content\modifier\ChaosButterflyModifier.java,0.4KB
java,COMMON,src\main\java\com\mofengbaizhi\tinkersnewlife\content\modifier\ChaosFlowModifier.java,2.8KB
java,COMMON,src\main\java\com\mofengbaizhi\tinkersnewlife\content\modifier\CharmTrait.java,0.3KB
java,COMMON,src\main\java\com\mofengbaizhi\tinkersnewlife\content\modifier\ChildOfTheStarsTrait.java,0.4KB
java,COMMON,src\main\java\com\mofengbaizhi\tinkersnewlife\content\modifier\ColdBloodedModifier.java,3KB
java,COMMON,src\main\java\com\mofengbaizhi\tinkersnewlife\content\modifier\CommanderModifier.java,0.8KB
java,COMMON,src\main\java\com\mofengbaizhi\tinkersnewlife\content\modifier\ConstructTrait.java,0.8KB
java,COMMON,src\main\java\com\mofengbaizhi\tinkersnewlife\content\modifier\CorruptionTrait.java,0.6KB
java,COMMON,src\main\java\com\mofengbaizhi\tinkersnewlife\content\modifier\CosmicOrderVoiceTrait.java,0.4KB
java,CURSED,src\main\java\com\mofengbaizhi\tinkersnewlife\content\modifier\CursedAdrenalineModifier.java,0.8KB
java,CURSED,src\main\java\com\mofengbaizhi\tinkersnewlife\content\modifier\CursedBoundTrait.java,2.7KB
java,CURSED,src\main\java\com\mofengbaizhi\tinkersnewlife\content\modifier\CursedEnergyReleaseTrait.java,0.6KB
java,CURSED,src\main\java\com\mofengbaizhi\tinkersnewlife\content\modifier\CursedSpeechTrait.java,0.8KB
java,CURSED,src\main\java\com\mofengbaizhi\tinkersnewlife\content\modifier\CursedSpiritTrait.java,0.9KB
java,CURSED,src\main\java\com\mofengbaizhi\tinkersnewlife\content\modifier\CurseOutputTrait.java,0.5KB
java,CURSED,src\main\java\com\mofengbaizhi\tinkersnewlife\content\modifier\CurseSpeedModifier.java,2.4KB
java,CURSED,src\main\java\com\mofengbaizhi\tinkersnewlife\content\modifier\CurseTotalTrait.java,0.5KB
java,COMMON,src\main\java\com\mofengbaizhi\tinkersnewlife\content\modifier\DangYunPingXianTrait.java,0.6KB
java,COMMON,src\main\java\com\mofengbaizhi\tinkersnewlife\content\modifier\DarkMetalBreakerModifier.java,0.5KB
java,COMMON,src\main\java\com\mofengbaizhi\tinkersnewlife\content\modifier\DarkMetalMagicResistModifier.java,0.5KB
java,COMMON,src\main\java\com\mofengbaizhi\tinkersnewlife\content\modifier\DivinePowerModifier.java,1.2KB
java,COMMON,src\main\java\com\mofengbaizhi\tinkersnewlife\content\modifier\DragonBloodInfusionTrait.java,0.4KB
java,COMMON,src\main\java\com\mofengbaizhi\tinkersnewlife\content\modifier\DragonBloodTankTrait.java,9.6KB
java,COMMON,src\main\java\com\mofengbaizhi\tinkersnewlife\content\modifier\DragonboneTrait.java,1.4KB
java,COMMON,src\main\java\com\mofengbaizhi\tinkersnewlife\content\modifier\DragonStaffTrait.java,1.2KB
java,COMMON,src\main\java\com\mofengbaizhi\tinkersnewlife\content\modifier\DragonsteelFireArmorTrait.java,0.3KB
java,COMMON,src\main\java\com\mofengbaizhi\tinkersnewlife\content\modifier\DragonsteelFireTrait.java,0.3KB
java,COMMON,src\main\java\com\mofengbaizhi\tinkersnewlife\content\modifier\DragonsteelIceArmorTrait.java,0.3KB
java,COMMON,src\main\java\com\mofengbaizhi\tinkersnewlife\content\modifier\DragonsteelIceTrait.java,0.3KB
java,COMMON,src\main\java\com\mofengbaizhi\tinkersnewlife\content\modifier\DragonsteelLightningArmorTrait.java,0.3KB
java,COMMON,src\main\java\com\mofengbaizhi\tinkersnewlife\content\modifier\DragonsteelLightningTrait.java,0.3KB
java,COMMON,src\main\java\com\mofengbaizhi\tinkersnewlife\content\modifier\DreadsteelArmorTrait.java,6.5KB
java,COMMON,src\main\java\com\mofengbaizhi\tinkersnewlife\content\modifier\DreadsteelTrait.java,0.4KB
java,COMMON,src\main\java\com\mofengbaizhi\tinkersnewlife\content\modifier\EarplugModifier.java,7.8KB
java,COMMON,src\main\java\com\mofengbaizhi\tinkersnewlife\content\modifier\EnderPowerModifier.java,3.9KB
java,COMMON,src\main\java\com\mofengbaizhi\tinkersnewlife\content\modifier\EndlessColdWindModifier.java,2KB
java,COMMON,src\main\java\com\mofengbaizhi\tinkersnewlife\content\modifier\EtherSpiritTrait.java,10KB
java,COMMON,src\main\java\com\mofengbaizhi\tinkersnewlife\content\modifier\ExPierceModifier.java,1.6KB
java,COMMON,src\main\java\com\mofengbaizhi\tinkersnewlife\content\modifier\FinalBrandModifier.java,1.9KB
java,COMMON,src\main\java\com\mofengbaizhi\tinkersnewlife\content\modifier\FlameManipulationTrait.java,0.7KB
java,COMMON,src\main\java\com\mofengbaizhi\tinkersnewlife\content\modifier\FlyingSwordTrait.java,0.6KB
java,COMMON,src\main\java\com\mofengbaizhi\tinkersnewlife\content\modifier\FocusModifier.java,2.3KB
java,CURSED,src\main\java\com\mofengbaizhi\tinkersnewlife\content\modifier\FuMoYuChuZiTrait.java,0.6KB
java,COMMON,src\main\java\com\mofengbaizhi\tinkersnewlife\content\modifier\FusRoDahTrait.java,0.4KB
java,COMMON,src\main\java\com\mofengbaizhi\tinkersnewlife\content\modifier\FuzhuCisiTrait.java,0.7KB
java,COMMON,src\main\java\com\mofengbaizhi\tinkersnewlife\content\modifier\GhostClearingTrait.java,3KB
java,COMMON,src\main\java\com\mofengbaizhi\tinkersnewlife\content\modifier\GodrealmOverstepModifier.java,1.1KB
java,COMMON,src\main\java\com\mofengbaizhi\tinkersnewlife\content\modifier\GorgonImmunityTrait.java,0.5KB
java,COMMON,src\main\java\com\mofengbaizhi\tinkersnewlife\content\modifier\GungnirModifier.java,1.2KB
java,COMMON,src\main\java\com\mofengbaizhi\tinkersnewlife\content\modifier\HardenedSkinModifier.java,1.8KB
java,COMMON,src\main\java\com\mofengbaizhi\tinkersnewlife\content\modifier\HasturMaliceTrait.java,0.4KB
java,COMMON,src\main\java\com\mofengbaizhi\tinkersnewlife\content\modifier\HeatLoverModifier.java,3.8KB
java,COMMON,src\main\java\com\mofengbaizhi\tinkersnewlife\content\modifier\HeavenEarthForgedModifier.java,1.8KB
java,COMMON,src\main\java\com\mofengbaizhi\tinkersnewlife\content\modifier\HolyWarRelicModifier.java,1.7KB
java,COMMON,src\main\java\com\mofengbaizhi\tinkersnewlife\content\modifier\InscriptionModifier.java,4.1KB
java,COMMON,src\main\java\com\mofengbaizhi\tinkersnewlife\content\modifier\JacobsLadderTrait.java,0.6KB
java,COMMON,src\main\java\com\mofengbaizhi\tinkersnewlife\content\modifier\JianyiLingyuTrait.java,0.6KB
java,COMMON,src\main\java\com\mofengbaizhi\tinkersnewlife\content\modifier\LaevatainModifier.java,1.6KB
java,COMMON,src\main\java\com\mofengbaizhi\tinkersnewlife\content\modifier\LightningManipulationTrait.java,0.6KB
java,COMMON,src\main\java\com\mofengbaizhi\tinkersnewlife\content\modifier\LuckyDropTrait.java,0.3KB
java,COMMON,src\main\java\com\mofengbaizhi\tinkersnewlife\content\modifier\LuohuaTrait.java,0.6KB
java,COMMON,src\main\java\com\mofengbaizhi\tinkersnewlife\content\modifier\MagicConductionModifier.java,4.1KB
java,COMMON,src\main\java\com\mofengbaizhi\tinkersnewlife\content\modifier\ManaArmorModifier.java,4KB
java,COMMON,src\main\java\com\mofengbaizhi\tinkersnewlife\content\modifier\ManaShieldTrait.java,15.5KB
java,COMMON,src\main\java\com\mofengbaizhi\tinkersnewlife\content\modifier\ManaSurgeTrait.java,4.4KB
java,COMMON,src\main\java\com\mofengbaizhi\tinkersnewlife\content\modifier\MixuGelongTrait.java,0.6KB
java,COMMON,src\main\java\com\mofengbaizhi\tinkersnewlife\content\modifier\ModularStaffModifier.java,7.1KB
java,COMMON,src\main\java\com\mofengbaizhi\tinkersnewlife\content\modifier\NyarlathotepDesireTrait.java,0.6KB
java,COMMON,src\main\java\com\mofengbaizhi\tinkersnewlife\content\modifier\OrderOriginModifier.java,2.5KB
java,COMMON,src\main\java\com\mofengbaizhi\tinkersnewlife\content\modifier\OriginMagicModifier.java,3.3KB
java,COMMON,src\main\java\com\mofengbaizhi\tinkersnewlife\content\modifier\PalePlatingModifier.java,1.2KB
java,COMMON,src\main\java\com\mofengbaizhi\tinkersnewlife\content\modifier\PlantManipulationTrait.java,0.9KB
java,COMMON,src\main\java\com\mofengbaizhi\tinkersnewlife\content\modifier\ProjectionTrait.java,0.5KB
java,CURSED,src\main\java\com\mofengbaizhi\tinkersnewlife\content\modifier\PuppetTrait.java,0.9KB
java,COMMON,src\main\java\com\mofengbaizhi\tinkersnewlife\content\modifier\QianheYingyiTrait.java,0.6KB
java,COMMON,src\main\java\com\mofengbaizhi\tinkersnewlife\content\modifier\QuantumBagModifier.java,11.2KB
java,COMMON,src\main\java\com\mofengbaizhi\tinkersnewlife\content\modifier\RapierArmorPiercingModifier.java,1.5KB
java,COMMON,src\main\java\com\mofengbaizhi\tinkersnewlife\content\modifier\ResonanceModifier.java,1.9KB
java,CURSED,src\main\java\com\mofengbaizhi\tinkersnewlife\content\modifier\ReverseCursedTrait.java,0.6KB
java,COMMON,src\main\java\com\mofengbaizhi\tinkersnewlife\content\modifier\SanChongJiKuTrait.java,0.5KB
java,COMMON,src\main\java\com\mofengbaizhi\tinkersnewlife\content\modifier\SeaKingsPowerModifier.java,4KB
java,COMMON,src\main\java\com\mofengbaizhi\tinkersnewlife\content\modifier\ShiBaoYueGongDianTrait.java,0.6KB
java,COMMON,src\main\java\com\mofengbaizhi\tinkersnewlife\content\modifier\SilentGloveTrait.java,0.6KB
java,COMMON,src\main\java\com\mofengbaizhi\tinkersnewlife\content\modifier\SkyManipulationTrait.java,0.7KB
java,COMMON,src\main\java\com\mofengbaizhi\tinkersnewlife\content\modifier\SoldiersSaberModifier.java,2KB
java,COMMON,src\main\java\com\mofengbaizhi\tinkersnewlife\content\modifier\SoulDiscountModifier.java,0.8KB
java,COMMON,src\main\java\com\mofengbaizhi\tinkersnewlife\content\modifier\SoulEaterModifier.java,1.3KB
java,COMMON,src\main\java\com\mofengbaizhi\tinkersnewlife\content\modifier\SoulRepairModifier.java,0.7KB
java,COMMON,src\main\java\com\mofengbaizhi\tinkersnewlife\content\modifier\SpellBreakModifier.java,1.9KB
java,COMMON,src\main\java\com\mofengbaizhi\tinkersnewlife\content\modifier\StarChildArmorTrait.java,1KB
java,COMMON,src\main\java\com\mofengbaizhi\tinkersnewlife\content\modifier\SuperTierMagicModifier.java,11.6KB
java,COMMON,src\main\java\com\mofengbaizhi\tinkersnewlife\content\modifier\SupervisorModifier.java,1.6KB
java,COMMON,src\main\java\com\mofengbaizhi\tinkersnewlife\content\modifier\TaizangBianyeTrait.java,0.7KB
java,COMMON,src\main\java\com\mofengbaizhi\tinkersnewlife\content\modifier\TenDivideTrait.java,0.6KB
java,CURSED,src\main\java\com\mofengbaizhi\tinkersnewlife\content\modifier\TenShadowsTrait.java,0.5KB
java,COMMON,src\main\java\com\mofengbaizhi\tinkersnewlife\content\modifier\TieGuanGaiWeiShanTrait.java,0.5KB
java,COMMON,src\main\java\com\mofengbaizhi\tinkersnewlife\content\modifier\TilosPurgatoryModifier.java,3.1KB
java,COMMON,src\main\java\com\mofengbaizhi\tinkersnewlife\content\modifier\VoidGraceModifier.java,2.6KB
java,COMMON,src\main\java\com\mofengbaizhi\tinkersnewlife\content\modifier\VoidTouchModifier.java,2KB
java,COMMON,src\main\java\com\mofengbaizhi\tinkersnewlife\content\modifier\WatcherWillModifier.java,1.7KB
java,COMMON,src\main\java\com\mofengbaizhi\tinkersnewlife\content\modifier\WestTigerTrait.java,0.9KB
java,COMMON,src\main\java\com\mofengbaizhi\tinkersnewlife\content\modifier\WuliangCangTrait.java,0.6KB
java,COMMON,src\main\java\com\mofengbaizhi\tinkersnewlife\content\modifier\WuLiangKongChuTrait.java,0.6KB
java,COMMON,src\main\java\com\mofengbaizhi\tinkersnewlife\content\modifier\WuliangWuxianTrait.java,0.6KB
java,CURSED,src\main\java\com\mofengbaizhi\tinkersnewlife\content\modifier\WuWeiTrait.java,0.6KB
java,COMMON,src\main\java\com\mofengbaizhi\tinkersnewlife\content\modifier\YogSothothTrait.java,0.3KB
java,CURSED,src\main\java\com\mofengbaizhi\tinkersnewlife\content\modifier\YuchuziTrait.java,0.4KB
java,COMMON,src\main\java\com\mofengbaizhi\tinkersnewlife\content\modifier\ZhenyanXiangaiTrait.java,0.6KB
java,COMMON,src\main\java\com\mofengbaizhi\tinkersnewlife\content\modifier\ZiBiYuanDunGuoTrait.java,0.7KB
java,COMMON,src\main\java\com\mofengbaizhi\tinkersnewlife\content\modifier\ZuoShaBoTuModifier.java,0.5KB
java,COMMON,src\main\java\com\mofengbaizhi\tinkersnewlife\content\modifier\base\BaseCombatModifier.java,0.5KB
java,COMMON,src\main\java\com\mofengbaizhi\tinkersnewlife\content\modifier\events\AristocraticDiningHandler.java,4.2KB
java,COMMON,src\main\java\com\mofengbaizhi\tinkersnewlife\content\modifier\events\BitingFrostHandler.java,3.6KB
java,COMMON,src\main\java\com\mofengbaizhi\tinkersnewlife\content\modifier\events\ButcherHandler.java,3.8KB
java,COMMON,src\main\java\com\mofengbaizhi\tinkersnewlife\content\modifier\events\ChaosFlowHandler.java,27.7KB
java,COMMON,src\main\java\com\mofengbaizhi\tinkersnewlife\content\modifier\events\CharmHandler.java,10KB
java,COMMON,src\main\java\com\mofengbaizhi\tinkersnewlife\content\modifier\events\ChildOfTheStarsHandler.java,2.3KB
java,COMMON,src\main\java\com\mofengbaizhi\tinkersnewlife\content\modifier\events\CommanderHandler.java,3.1KB
java,COMMON,src\main\java\com\mofengbaizhi\tinkersnewlife\content\modifier\events\CorruptionHandler.java,4.4KB
java,CURSED,src\main\java\com\mofengbaizhi\tinkersnewlife\content\modifier\events\CursedAdrenalineHandler.java,6.6KB
java,COMMON,src\main\java\com\mofengbaizhi\tinkersnewlife\content\modifier\events\DarkMetalBreakerHandler.java,3.7KB
java,COMMON,src\main\java\com\mofengbaizhi\tinkersnewlife\content\modifier\events\DarkMetalMagicResistHandler.java,5.7KB
java,COMMON,src\main\java\com\mofengbaizhi\tinkersnewlife\content\modifier\events\DivineArmorHandler.java,2.4KB
java,COMMON,src\main\java\com\mofengbaizhi\tinkersnewlife\content\modifier\events\DivinePowerHandler.java,4.5KB
java,COMMON,src\main\java\com\mofengbaizhi\tinkersnewlife\content\modifier\events\DragonBloodTankHandler.java,15KB
java,COMMON,src\main\java\com\mofengbaizhi\tinkersnewlife\content\modifier\events\DragonsteelFireArmorHandler.java,1.9KB
java,COMMON,src\main\java\com\mofengbaizhi\tinkersnewlife\content\modifier\events\DragonsteelIceArmorHandler.java,3KB
java,COMMON,src\main\java\com\mofengbaizhi\tinkersnewlife\content\modifier\events\DragonsteelLightningArmorHandler.java,3.9KB
java,COMMON,src\main\java\com\mofengbaizhi\tinkersnewlife\content\modifier\events\DreadsteelHandler.java,3.9KB
java,COMMON,src\main\java\com\mofengbaizhi\tinkersnewlife\content\modifier\events\EnderPowerHandler.java,2.3KB
java,COMMON,src\main\java\com\mofengbaizhi\tinkersnewlife\content\modifier\events\ExPierceHandler.java,5.1KB
java,COMMON,src\main\java\com\mofengbaizhi\tinkersnewlife\content\modifier\events\FormlessIceHandler.java,7.8KB
java,COMMON,src\main\java\com\mofengbaizhi\tinkersnewlife\content\modifier\events\FusRoDahHandler.java,8.1KB
java,COMMON,src\main\java\com\mofengbaizhi\tinkersnewlife\content\modifier\events\GorgonImmunityHandler.java,3.9KB
java,COMMON,src\main\java\com\mofengbaizhi\tinkersnewlife\content\modifier\events\GungnirHandler.java,4.8KB
java,COMMON,src\main\java\com\mofengbaizhi\tinkersnewlife\content\modifier\events\HardenedSkinHandler.java,10.3KB
java,COMMON,src\main\java\com\mofengbaizhi\tinkersnewlife\content\modifier\events\HasturMaliceHandler.java,10KB
java,COMMON,src\main\java\com\mofengbaizhi\tinkersnewlife\content\modifier\events\InscriptionHandler.java,2.5KB
java,COMMON,src\main\java\com\mofengbaizhi\tinkersnewlife\content\modifier\events\LaevatainHandler.java,13.8KB
java,COMMON,src\main\java\com\mofengbaizhi\tinkersnewlife\content\modifier\events\LuckyDropHandler.java,9KB
java,COMMON,src\main\java\com\mofengbaizhi\tinkersnewlife\content\modifier\events\MagicGoldHandler.java,7.4KB
java,COMMON,src\main\java\com\mofengbaizhi\tinkersnewlife\content\modifier\events\MithrilHandler.java,3.6KB
java,COMMON,src\main\java\com\mofengbaizhi\tinkersnewlife\content\modifier\events\NyarlathotepDesireHandler.java,5.4KB
java,COMMON,src\main\java\com\mofengbaizhi\tinkersnewlife\content\modifier\events\OrderOriginHandler.java,4.8KB
java,COMMON,src\main\java\com\mofengbaizhi\tinkersnewlife\content\modifier\events\PyriumHandler.java,7.5KB
java,COMMON,src\main\java\com\mofengbaizhi\tinkersnewlife\content\modifier\events\ServantBowAttackHandler.java,19KB
java,COMMON,src\main\java\com\mofengbaizhi\tinkersnewlife\content\modifier\events\ServantWeaponEquipHandler.java,6.4KB
java,COMMON,src\main\java\com\mofengbaizhi\tinkersnewlife\content\modifier\events\SoldiersSaberHandler.java,13.6KB
java,COMMON,src\main\java\com\mofengbaizhi\tinkersnewlife\content\modifier\events\SoulEaterHandler.java,10.8KB
java,COMMON,src\main\java\com\mofengbaizhi\tinkersnewlife\content\modifier\events\SoulMenderTinkerHandler.java,26.7KB
java,COMMON,src\main\java\com\mofengbaizhi\tinkersnewlife\content\modifier\events\SoulRepairHandler.java,9.6KB
java,COMMON,src\main\java\com\mofengbaizhi\tinkersnewlife\content\modifier\events\StarChildArmorHandler.java,5.4KB
java,COMMON,src\main\java\com\mofengbaizhi\tinkersnewlife\content\modifier\events\SwordProjectileTinkerHandler.java,7.6KB
java,COMMON,src\main\java\com\mofengbaizhi\tinkersnewlife\content\modifier\events\TilosPurgatoryHandler.java,18.5KB
java,COMMON,src\main\java\com\mofengbaizhi\tinkersnewlife\content\modifier\events\VoidGraceHandler.java,11.6KB
java,COMMON,src\main\java\com\mofengbaizhi\tinkersnewlife\content\modifier\events\VoidTouchHandler.java,4KB
java,COMMON,src\main\java\com\mofengbaizhi\tinkersnewlife\content\modifier\events\WatcherWillHandler.java,6.3KB
java,COMMON,src\main\java\com\mofengbaizhi\tinkersnewlife\content\modifier\events\YogSothothTraitHandler.java,1.9KB
java,COMMON,src\main\java\com\mofengbaizhi\tinkersnewlife\content\modifier\util\ArmorModifierHelper.java,4.7KB
java,COMMON,src\main\java\com\mofengbaizhi\tinkersnewlife\content\modifier\util\InvulnerabilityManager.java,2.1KB
java,TBD,src\main\java\com\mofengbaizhi\tinkersnewlife\content\portal\WhiteSpaceDimensions.java,35.6KB
java,TBD,src\main\java\com\mofengbaizhi\tinkersnewlife\content\portal\WhiteSpacePortalResync.java,7.7KB
java,TBD,src\main\java\com\mofengbaizhi\tinkersnewlife\content\portal\WhiteSpaceUnlockHandler.java,2.5KB
java,TBD,src\main\java\com\mofengbaizhi\tinkersnewlife\content\rate\ContainerRateData.java,9.6KB
java,TBD,src\main\java\com\mofengbaizhi\tinkersnewlife\content\rate\ContainerRateManager.java,44.2KB
java,TBD,src\main\java\com\mofengbaizhi\tinkersnewlife\content\rate\RateSource.java,4.3KB
java,TBD,src\main\java\com\mofengbaizhi\tinkersnewlife\content\rate\RateSourceProvider.java,1.8KB
java,TBD,src\main\java\com\mofengbaizhi\tinkersnewlife\content\rate\VanillaContainerRateProvider.java,29.6KB
java,IMAGINATION,src\main\java\com\mofengbaizhi\tinkersnewlife\content\recipe\AutoMaterialMeltingRecipe.java,5.6KB
java,IMAGINATION,src\main\java\com\mofengbaizhi\tinkersnewlife\content\recipe\ChargedCreeperMeltingRecipe.java,7.7KB
java,IMAGINATION,src\main\java\com\mofengbaizhi\tinkersnewlife\content\recipe\CrystalModifierRecipe.java,8.9KB
java,CURSED,src\main\java\com\mofengbaizhi\tinkersnewlife\content\recipe\CurseCraftRecipe.java,8.4KB
java,IMAGINATION,src\main\java\com\mofengbaizhi\tinkersnewlife\content\recipe\ElderCrystalMergeRecipe.java,8.3KB
java,IMAGINATION,src\main\java\com\mofengbaizhi\tinkersnewlife\content\recipe\ElderCrystalSplitRecipe.java,8KB
java,IMAGINATION,src\main\java\com\mofengbaizhi\tinkersnewlife\content\recipe\GenericToolMeltingRecipe.java,11.1KB
java,IMAGINATION,src\main\java\com\mofengbaizhi\tinkersnewlife\content\recipe\TagModifierSalvage.java,4.9KB
java,TBD,src\main\java\com\mofengbaizhi\tinkersnewlife\content\storage\BagContainer.java,9.1KB
java,TBD,src\main\java\com\mofengbaizhi\tinkersnewlife\content\storage\BagMenuProvider.java,1KB
java,TBD,src\main\java\com\mofengbaizhi\tinkersnewlife\content\storage\DarkSilentManager.java,14.7KB
java,TBD,src\main\java\com\mofengbaizhi\tinkersnewlife\content\storage\GloveWeaponStorage.java,19.5KB
java,TBD,src\main\java\com\mofengbaizhi\tinkersnewlife\content\storage\QuantumVault.java,6.2KB
java,TBD,src\main\java\com\mofengbaizhi\tinkersnewlife\content\storage\QuantumVaultManager.java,6.5KB
java,TBD,src\main\java\com\mofengbaizhi\tinkersnewlife\content\storage\QuantumVaultMenu.java,4.3KB
java,TBD,src\main\java\com\mofengbaizhi\tinkersnewlife\content\storage\SilentGloveContainer.java,4KB
java,TBD,src\main\java\com\mofengbaizhi\tinkersnewlife\content\storage\SilentGloveHandler.java,6KB
java,TBD,src\main\java\com\mofengbaizhi\tinkersnewlife\content\storage\SilentGloveInteractionHandler.java,7.5KB
java,TBD,src\main\java\com\mofengbaizhi\tinkersnewlife\content\storage\StorageManager.java,15KB
java,IMAGINATION,src\main\java\com\mofengbaizhi\tinkersnewlife\integration\Integration.java,2KB
java,IMAGINATION,src\main\java\com\mofengbaizhi\tinkersnewlife\integration\IntegrationLoader.java,19.9KB
java,IMAGINATION,src\main\java\com\mofengbaizhi\tinkersnewlife\integration\ae2\Ae2GridBridge.java,16KB
java,IMAGINATION,src\main\java\com\mofengbaizhi\tinkersnewlife\integration\ae2\Ae2RateProvider.java,20.4KB
java,IMAGINATION,src\main\java\com\mofengbaizhi\tinkersnewlife\integration\aquaculture\AquacultureFluids.java,1.8KB
java,IMAGINATION,src\main\java\com\mofengbaizhi\tinkersnewlife\integration\aquaculture\AquacultureIntegration.java,1.2KB
java,IMAGINATION,src\main\java\com\mofengbaizhi\tinkersnewlife\integration\enigmaticlegacy\EnigmaticPlaytimeBridge.java,8KB
java,APOSTLE,src\main\java\com\mofengbaizhi\tinkersnewlife\integration\goety\ApostlePatch.java,68.5KB
java,IMAGINATION,src\main\java\com\mofengbaizhi\tinkersnewlife\integration\goety\GoetyFluids.java,2.4KB
java,IMAGINATION,src\main\java\com\mofengbaizhi\tinkersnewlife\integration\goety\GoetyIntegration.java,3.5KB
java,IMAGINATION,src\main\java\com\mofengbaizhi\tinkersnewlife\integration\goety\GoetyStaffItem.java,24.8KB
java,IMAGINATION,src\main\java\com\mofengbaizhi\tinkersnewlife\integration\goety\GoetyStaffLink.java,1.8KB
java,IMAGINATION,src\main\java\com\mofengbaizhi\tinkersnewlife\integration\goety\client\GoetyClientIntegration.java,1.3KB
java,IMAGINATION,src\main\java\com\mofengbaizhi\tinkersnewlife\integration\goety\client\GoetySlimeskullClient.java,3.6KB
java,IMAGINATION,src\main\java\com\mofengbaizhi\tinkersnewlife\integration\goety_ladder\GoetyLadderCompat.java,4.9KB
java,IMAGINATION,src\main\java\com\mofengbaizhi\tinkersnewlife\integration\goety_ladder\GoetyLadderFluids.java,2.7KB
java,IMAGINATION,src\main\java\com\mofengbaizhi\tinkersnewlife\integration\goety_ladder\GoetyLadderIntegration.java,1.7KB
java,IMAGINATION,src\main\java\com\mofengbaizhi\tinkersnewlife\integration\goety_revelation\GoetyRevelationFluids.java,1.3KB
java,IMAGINATION,src\main\java\com\mofengbaizhi\tinkersnewlife\integration\goety_revelation\GoetyRevelationIntegration.java,1.3KB
java,IMAGINATION,src\main\java\com\mofengbaizhi\tinkersnewlife\integration\iceandfire\IceAndFireFluids.java,3KB
java,IMAGINATION,src\main\java\com\mofengbaizhi\tinkersnewlife\integration\iceandfire\IceAndFireIntegration.java,1.2KB
java,IMAGINATION,src\main\java\com\mofengbaizhi\tinkersnewlife\integration\iris\IrisCompat.java,2.1KB
java,IMAGINATION,src\main\java\com\mofengbaizhi\tinkersnewlife\integration\irons_spellbooks\IronSpellsArcaneHandler.java,17.6KB
java,IMAGINATION,src\main\java\com\mofengbaizhi\tinkersnewlife\integration\irons_spellbooks\IronSpellsFluids.java,7.6KB
java,IMAGINATION,src\main\java\com\mofengbaizhi\tinkersnewlife\integration\irons_spellbooks\IronSpellsIntegration.java,1.8KB
java,IMAGINATION,src\main\java\com\mofengbaizhi\tinkersnewlife\integration\irons_spellbooks\IronSpellsSpellAccess.java,36KB
java,CURSED,src\main\java\com\mofengbaizhi\tinkersnewlife\integration\jade\CurseVaultJadePlugin.java,1.7KB
java,CURSED,src\main\java\com\mofengbaizhi\tinkersnewlife\integration\jade\CurseVaultJadeProvider.java,5.5KB
java,IMAGINATION,src\main\java\com\mofengbaizhi\tinkersnewlife\integration\jade\WhiteSpacePortalJadePlugin.java,1.6KB
java,IMAGINATION,src\main\java\com\mofengbaizhi\tinkersnewlife\integration\jade\WhiteSpacePortalJadeProvider.java,4.3KB
java,IMAGINATION,src\main\java\com\mofengbaizhi\tinkersnewlife\integration\kaleidoscope\KaleidoscopeRateProvider.java,17.2KB
java,IMAGINATION,src\main\java\com\mofengbaizhi\tinkersnewlife\integration\lavafishing\LavafishingFluids.java,1.8KB
java,IMAGINATION,src\main\java\com\mofengbaizhi\tinkersnewlife\integration\lavafishing\LavafishingIntegration.java,1.3KB
java,IMAGINATION,src\main\java\com\mofengbaizhi\tinkersnewlife\integration\mekanism\MekanismEnergyBridge.java,13KB
java,IMAGINATION,src\main\java\com\mofengbaizhi\tinkersnewlife\integration\mekanism\MekanismQioRateProvider.java,7KB
java,IMAGINATION,src\main\java\com\mofengbaizhi\tinkersnewlife\integration\twilightforest\SynchronizedRandomSource.java,3.3KB
java,IMAGINATION,src\main\java\com\mofengbaizhi\tinkersnewlife\integration\vampirism\VampireIntegration.java,5.2KB
java,TBD,src\main\java\com\mofengbaizhi\tinkersnewlife\mixin\AbstractArrowSeaKingsMixin.java,2.5KB
java,TBD,src\main\java\com\mofengbaizhi\tinkersnewlife\mixin\AllPathsOneSoulMixin.java,3.9KB
java,APOSTLE,src\main\java\com\mofengbaizhi\tinkersnewlife\mixin\ApostleCastThrottleMixin.java,4.9KB
java,APOSTLE,src\main\java\com\mofengbaizhi\tinkersnewlife\mixin\ApostleDistanceMixin.java,9.5KB
java,APOSTLE,src\main\java\com\mofengbaizhi\tinkersnewlife\mixin\ApostlePhaseTeleportMixin.java,3.8KB
java,TBD,src\main\java\com\mofengbaizhi\tinkersnewlife\mixin\BlockDropsMixin.java,3.8KB
java,TBD,src\main\java\com\mofengbaizhi\tinkersnewlife\mixin\BloodStatsInvoker.java,1.8KB
java,TBD,src\main\java\com\mofengbaizhi\tinkersnewlife\mixin\ContainerClickSearchMixin.java,2.8KB
java,TBD,src\main\java\com\mofengbaizhi\tinkersnewlife\mixin\EldritchLearningMixin.java,1.8KB
java,TBD,src\main\java\com\mofengbaizhi\tinkersnewlife\mixin\EnchantmentHelperSeaKingsMixin.java,3.8KB
java,TBD,src\main\java\com\mofengbaizhi\tinkersnewlife\mixin\EnigmaticNightVisionMixin.java,2.8KB
java,TBD,src\main\java\com\mofengbaizhi\tinkersnewlife\mixin\EntityRenderDispatcherMixin.java,10.4KB
java,TBD,src\main\java\com\mofengbaizhi\tinkersnewlife\mixin\EntityRendererNameTagMixin.java,4.6KB
java,TBD,src\main\java\com\mofengbaizhi\tinkersnewlife\mixin\GoetyCastSpeedMixin.java,2.5KB
java,TBD,src\main\java\com\mofengbaizhi\tinkersnewlife\mixin\GoetyVoidSoulMixin.java,5.3KB
java,TBD,src\main\java\com\mofengbaizhi\tinkersnewlife\mixin\GuiSmelteryTankSearchMixin.java,15.6KB
java,TBD,src\main\java\com\mofengbaizhi\tinkersnewlife\mixin\HeatingStructureScreenSearchMixin.java,2.4KB
java,TBD,src\main\java\com\mofengbaizhi\tinkersnewlife\mixin\HumanoidArmorLayerMixin.java,1.7KB
java,TBD,src\main\java\com\mofengbaizhi\tinkersnewlife\mixin\HumanoidSpinPoseMixin.java,10.7KB
java,TBD,src\main\java\com\mofengbaizhi\tinkersnewlife\mixin\ItemRendererMixin.java,2.3KB
java,TBD,src\main\java\com\mofengbaizhi\tinkersnewlife\mixin\JadeObjectNameMixin.java,3.7KB
java,TBD,src\main\java\com\mofengbaizhi\tinkersnewlife\mixin\KeyboardHandlerImeMixin.java,3.3KB
java,TBD,src\main\java\com\mofengbaizhi\tinkersnewlife\mixin\LivingEntityGetHealthMixin.java,2.9KB
java,TBD,src\main\java\com\mofengbaizhi\tinkersnewlife\mixin\ManaShieldEffectMixin.java,3.4KB
java,TBD,src\main\java\com\mofengbaizhi\tinkersnewlife\mixin\MantleFluidShaderMixin.java,4KB
java,TBD,src\main\java\com\mofengbaizhi\tinkersnewlife\mixin\PlayerSpinDispatcherMixin.java,7.5KB
java,TBD,src\main\java\com\mofengbaizhi\tinkersnewlife\mixin\ScreenKeyInputMixin.java,4.8KB
java,TBD,src\main\java\com\mofengbaizhi\tinkersnewlife\mixin\ServerLevelTickTailMixin.java,3.2KB
java,TBD,src\main\java\com\mofengbaizhi\tinkersnewlife\mixin\ServerPlayerDeathMixin.java,2.5KB
java,TBD,src\main\java\com\mofengbaizhi\tinkersnewlife\mixin\SlashBladeRenderOptMixin.java,10.1KB
java,TBD,src\main\java\com\mofengbaizhi\tinkersnewlife\mixin\SlotMixin.java,3KB
java,IMAGINATION,src\main\java\com\mofengbaizhi\tinkersnewlife\mixin\SpearChargeSlowdownMixin.java,5.7KB
java,IMAGINATION,src\main\java\com\mofengbaizhi\tinkersnewlife\mixin\SpearThirdPersonItemMixin.java,9.9KB
java,IMAGINATION,src\main\java\com\mofengbaizhi\tinkersnewlife\mixin\SpearThirdPersonPoseMixin.java,6.4KB
java,TBD,src\main\java\com\mofengbaizhi\tinkersnewlife\mixin\SpellInterruptFocusMixin.java,1.9KB
java,TBD,src\main\java\com\mofengbaizhi\tinkersnewlife\mixin\SuperTierEffectMixin.java,3.6KB
java,TBD,src\main\java\com\mofengbaizhi\tinkersnewlife\mixin\TwilightMazeRandomMixin.java,2.9KB
java,TBD,src\main\java\com\mofengbaizhi\tinkersnewlife\mixin\VampirismSunHelperMixin.java,3KB
java,TBD,src\main\java\com\mofengbaizhi\tinkersnewlife\mixin\XaeroRadarMixin.java,4.9KB
java,TBD,src\main\java\com\mofengbaizhi\tinkersnewlife\network\VaultNetwork.java,2.5KB
java,TBD,src\main\java\com\mofengbaizhi\tinkersnewlife\network\compendium\PacketCompendiumAbsorb.java,8.2KB
java,CURSED,src\main\java\com\mofengbaizhi\tinkersnewlife\network\curse\PacketBlackBirdCamera.java,1.9KB
java,CURSED,src\main\java\com\mofengbaizhi\tinkersnewlife\network\curse\PacketBlackBirdInput.java,2.2KB
java,CURSED,src\main\java\com\mofengbaizhi\tinkersnewlife\network\curse\PacketConstructSelect.java,2.2KB
java,CURSED,src\main\java\com\mofengbaizhi\tinkersnewlife\network\curse\PacketCursedSpeechSelect.java,1.4KB
java,CURSED,src\main\java\com\mofengbaizhi\tinkersnewlife\network\curse\PacketDropWardenBars.java,2.1KB
java,CURSED,src\main\java\com\mofengbaizhi\tinkersnewlife\network\curse\PacketMobDisguise.java,1.9KB
java,CURSED,src\main\java\com\mofengbaizhi\tinkersnewlife\network\curse\PacketNueInput.java,2KB
java,CURSED,src\main\java\com\mofengbaizhi\tinkersnewlife\network\curse\PacketOpenConstructScreen.java,1.2KB
java,CURSED,src\main\java\com\mofengbaizhi\tinkersnewlife\network\curse\PacketOpenCursedSpeechScreen.java,1.9KB
java,CURSED,src\main\java\com\mofengbaizhi\tinkersnewlife\network\curse\PacketOpenPlantScreen.java,1.2KB
java,CURSED,src\main\java\com\mofengbaizhi\tinkersnewlife\network\curse\PacketOpenPuppetScreen.java,1.4KB
java,CURSED,src\main\java\com\mofengbaizhi\tinkersnewlife\network\curse\PacketOpenShikigamiScreen.java,1KB
java,CURSED,src\main\java\com\mofengbaizhi\tinkersnewlife\network\curse\PacketOpenSpiritScreen.java,3.2KB
java,CURSED,src\main\java\com\mofengbaizhi\tinkersnewlife\network\curse\PacketOpenWuWeiScreen.java,1.8KB
java,CURSED,src\main\java\com\mofengbaizhi\tinkersnewlife\network\curse\PacketPlantSelect.java,1.1KB
java,CURSED,src\main\java\com\mofengbaizhi\tinkersnewlife\network\curse\PacketProjectionStun.java,1.5KB
java,CURSED,src\main\java\com\mofengbaizhi\tinkersnewlife\network\curse\PacketPuppetInput.java,3KB
java,CURSED,src\main\java\com\mofengbaizhi\tinkersnewlife\network\curse\PacketPuppetSelect.java,1.2KB
java,CURSED,src\main\java\com\mofengbaizhi\tinkersnewlife\network\curse\PacketQueryCurseVault.java,2.2KB
java,CURSED,src\main\java\com\mofengbaizhi\tinkersnewlife\network\curse\PacketSpiritSelect.java,1.8KB
java,CURSED,src\main\java\com\mofengbaizhi\tinkersnewlife\network\curse\PacketSpiritState.java,3KB
java,CURSED,src\main\java\com\mofengbaizhi\tinkersnewlife\network\curse\PacketSummonShikigami.java,1.5KB
java,CURSED,src\main\java\com\mofengbaizhi\tinkersnewlife\network\curse\PacketSwitchTechnique.java,1KB
java,CURSED,src\main\java\com\mofengbaizhi\tinkersnewlife\network\curse\PacketSyncCurse.java,3.2KB
java,CURSED,src\main\java\com\mofengbaizhi\tinkersnewlife\network\curse\PacketSyncCursedChant.java,1.4KB
java,CURSED,src\main\java\com\mofengbaizhi\tinkersnewlife\network\curse\PacketSyncCurseVault.java,1.1KB
java,CURSED,src\main\java\com\mofengbaizhi\tinkersnewlife\network\curse\PacketSyncForge.java,1.5KB
java,CURSED,src\main\java\com\mofengbaizhi\tinkersnewlife\network\curse\PacketToggleDomain.java,1KB
java,CURSED,src\main\java\com\mofengbaizhi\tinkersnewlife\network\curse\PacketUseReverseTechnique.java,1.4KB
java,CURSED,src\main\java\com\mofengbaizhi\tinkersnewlife\network\curse\PacketUseTechnique.java,1.5KB
java,CURSED,src\main\java\com\mofengbaizhi\tinkersnewlife\network\curse\PacketWuWeiDisguise.java,1.5KB
java,CURSED,src\main\java\com\mofengbaizhi\tinkersnewlife\network\curse\PacketWuWeiOpenGui.java,1.8KB
java,CURSED,src\main\java\com\mofengbaizhi\tinkersnewlife\network\curse\PacketWuWeiSelect.java,2.2KB
java,CURSED,src\main\java\com\mofengbaizhi\tinkersnewlife\network\momo\PacketMomoBuy.java,3.3KB
java,CURSED,src\main\java\com\mofengbaizhi\tinkersnewlife\network\momo\PacketMomoHire.java,3.1KB
java,CURSED,src\main\java\com\mofengbaizhi\tinkersnewlife\network\momo\PacketMomoHireState.java,2.2KB
java,CURSED,src\main\java\com\mofengbaizhi\tinkersnewlife\network\momo\PacketMomoMenuAction.java,4.7KB
java,CURSED,src\main\java\com\mofengbaizhi\tinkersnewlife\network\momo\PacketMomoMenuOpen.java,3KB
java,CURSED,src\main\java\com\mofengbaizhi\tinkersnewlife\network\momo\PacketMomoOpen.java,3.7KB
java,CURSED,src\main\java\com\mofengbaizhi\tinkersnewlife\network\momo\PacketMomoSoldState.java,2.4KB
java,TBD,src\main\java\com\mofengbaizhi\tinkersnewlife\network\portal\PacketCreatePortal.java,5.4KB
java,TBD,src\main\java\com\mofengbaizhi\tinkersnewlife\network\portal\PacketOpenDimensionPassScreen.java,3.1KB
java,TBD,src\main\java\com\mofengbaizhi\tinkersnewlife\network\rate\PacketOpenPioneerRates.java,3.9KB
java,TBD,src\main\java\com\mofengbaizhi\tinkersnewlife\network\rate\PacketRequestPioneerRates.java,4KB
java,TBD,src\main\java\com\mofengbaizhi\tinkersnewlife\network\tools\PacketDragonStaffUse.java,0.9KB
java,TBD,src\main\java\com\mofengbaizhi\tinkersnewlife\network\tools\PacketOpenBag.java,1.3KB
java,TBD,src\main\java\com\mofengbaizhi\tinkersnewlife\network\tools\PacketSortBag.java,1KB
java,TBD,src\main\java\com\mofengbaizhi\tinkersnewlife\network\tools\PacketSwingOffhand.java,3.2KB
java,IMAGINATION,src\main\java\com\mofengbaizhi\tinkersnewlife\network\tools\PacketSwitchFlyingSwordMode.java,2.2KB
java,TBD,src\main\java\com\mofengbaizhi\tinkersnewlife\network\tools\PacketThrustGhost.java,6KB
java,TBD,src\main\java\com\mofengbaizhi\tinkersnewlife\network\tools\PacketVaultAction.java,7.7KB
java,TBD,src\main\java\com\mofengbaizhi\tinkersnewlife\network\tools\PacketVaultSync.java,2.6KB
java,COMMON,src\main\java\com\mofengbaizhi\tinkersnewlife\util\AbsoluteDefense.java,8.8KB
java,COMMON,src\main\java\com\mofengbaizhi\tinkersnewlife\util\DamagePipeline.java,4.1KB
java,COMMON,src\main\java\com\mofengbaizhi\tinkersnewlife\util\EndingLibraryComponents.java,5.6KB
java,COMMON,src\main\java\com\mofengbaizhi\tinkersnewlife\util\GloveHelper.java,1.8KB
java,COMMON,src\main\java\com\mofengbaizhi\tinkersnewlife\util\GoetyBridge.java,41.6KB
java,COMMON,src\main\java\com\mofengbaizhi\tinkersnewlife\util\IronSpellsReflector.java,15.2KB
java,COMMON,src\main\java\com\mofengbaizhi\tinkersnewlife\util\KeyHintHelper.java,3.1KB
java,COMMON,src\main\java\com\mofengbaizhi\tinkersnewlife\util\ProjectileWeaponHelper.java,3.9KB
java,COMMON,src\main\java\com\mofengbaizhi\tinkersnewlife\util\SafeRegistry.java,3.8KB
java,COMMON,src\main\java\com\mofengbaizhi\tinkersnewlife\util\SoulEnergyBridge.java,13.2KB
java,COMMON,src\main\java\com\mofengbaizhi\tinkersnewlife\util\ToolHelper.java,15.2KB
java,COMMON,src\main\java\com\mofengbaizhi\tinkersnewlife\util\TruePierce.java,150.9KB
assets/tconstruct,IMAGINATION,assets/tconstruct,892KB,4064个
assets/tinkersnewlife,SPLIT-ASSETS,assets/tinkersnewlife,8575.7KB,9353个
data/curios,TBD,data/curios,0.9KB,8个
data/forge,TBD,data/forge,11.1KB,72个
data/goety,TBD,data/goety,0.1KB,1个
data/iceandfire,TBD,data/iceandfire,0KB,1个
data/irons_spellbooks,TBD,data/irons_spellbooks,0.1KB,2个
data/l2hostility,TBD,data/l2hostility,0.1KB,1个
data/minecraft,TBD,data/minecraft,1.6KB,15个
data/revelationfix,TBD,data/revelationfix,0.1KB,1个
data/tconstruct,IMAGINATION,data/tconstruct,18.7KB,84个
data/tinkersnewlife,SPLIT-ASSETS,data/tinkersnewlife,408.9KB,1131个
