ModItems.java,line40,IMAGINATION
ModItems.java,sinister_glow_ingot,IMAGINATION
ModItems.java,construct_blueprint,IMAGINATION
ModItems.java,construct_blueprint_food,IMAGINATION
ModItems.java,conscience,IMAGINATION
ModItems.java,planetarium,IMAGINATION
ModItems.java,gheloth_remains,IMAGINATION
ModItems.java,nicholas_blessing,IMAGINATION
ModItems.java,yellow_king_remnant,IMAGINATION
ModItems.java,rlyeh_call,IMAGINATION
ModItems.java,echo_of_the_void,IMAGINATION
ModItems.java,astral_anchor,IMAGINATION
ModItems.java,nexus_of_spacetime,IMAGINATION
ModItems.java,yog_sothoth_gate_key,IMAGINATION
ModItems.java,nyarlathotep_desire,IMAGINATION
ModItems.java,durandal_shard,IMAGINATION
ModItems.java,gheloth_ore,IMAGINATION
ModItems.java,dragon_core,IMAGINATION
ModItems.java,dragon_core_cast,IMAGINATION
ModItems.java,dragon_core_sand_cast,IMAGINATION
ModItems.java,dragon_core_red_sand_cast,IMAGINATION
ModItems.java,silent_glove_core,IMAGINATION
ModItems.java,silent_glove_binding,IMAGINATION
ModItems.java,yo_yo_wheel,IMAGINATION
ModItems.java,yo_yo_spool,IMAGINATION
ModItems.java,robe_lace,IMAGINATION
ModItems.java,magic_cloth,IMAGINATION
ModItems.java,robe_lace_cast,IMAGINATION
ModItems.java,robe_lace_sand_cast,IMAGINATION
ModItems.java,robe_lace_red_sand_cast,IMAGINATION
ModItems.java,yo_yo_wheel_cast,IMAGINATION
ModItems.java,yo_yo_wheel_sand_cast,IMAGINATION
ModItems.java,yo_yo_wheel_red_sand_cast,IMAGINATION
ModItems.java,yo_yo_spool_cast,IMAGINATION
ModItems.java,yo_yo_spool_sand_cast,IMAGINATION
ModItems.java,yo_yo_spool_red_sand_cast,IMAGINATION
ModItems.java,spell_core,IMAGINATION
ModItems.java,spell_core_cast,IMAGINATION
ModItems.java,spell_core_sand_cast,IMAGINATION
ModItems.java,spell_core_red_sand_cast,IMAGINATION
ModItems.java,dragon_staff,IMAGINATION
ModItems.java,silent_glove,IMAGINATION
ModItems.java,tang_heng_dao,IMAGINATION
ModItems.java,spear,IMAGINATION
ModItems.java,whip,IMAGINATION
ModItems.java,slingshot,IMAGINATION
ModItems.java,rapier,IMAGINATION
ModItems.java,war_scythe,IMAGINATION
ModItems.java,modular_staff,IMAGINATION
ModItems.java,flying_sword,IMAGINATION
ModItems.java,durandal_sword,IMAGINATION
ModItems.java,long_short_blade,IMAGINATION
ModItems.java,yo_yo,IMAGINATION
ModItems.java,wizard_helmet,IMAGINATION
ModItems.java,wizard_chestplate,IMAGINATION
ModItems.java,wizard_leggings,IMAGINATION
ModItems.java,wizard_boots,IMAGINATION
ModItems.java,execution_sword,IMAGINATION
ModItems.java,curse_core,CURSED
ModItems.java,curse_core_part,CURSED
ModItems.java,life_lamp_ring,IMAGINATION
ModItems.java,industrial_pioneer_certificate,IMAGINATION
ModItems.java,ring_of_one_mind,IMAGINATION
ModItems.java,cognitive_mask,IMAGINATION
ModItems.java,flame_arrow_item,IMAGINATION
ModItems.java,guide_book,IMAGINATION
ModItems.java,patchouli_compendium,IMAGINATION
ModItems.java,boundary_fragment,IMAGINATION
ModItems.java,tian_ni_huo,IMAGINATION
ModItems.java,you_yun,IMAGINATION
ModItems.java,gourd_jail,CURSED
ModItems.java,gourd_jail_sealed,CURSED
ModItems.java,momo_spawn_egg,CURSED
ModItems.java,ancient_cursed_scroll,CURSED
ModItems.java,curse_bottle,CURSED
ModItems.java,curse_vault,CURSED
ModItems.java,magic_gold_ingot,IMAGINATION
ModItems.java,holy_spirit_ingot,CURSED
ModItems.java,origin_alloy_ingot,IMAGINATION
ModItems.java,magic_gold_nugget,IMAGINATION
ModItems.java,holy_spirit_nugget,CURSED
ModItems.java,origin_alloy_nugget,IMAGINATION
ModItems.java,magic_gold_storage_block,IMAGINATION
ModItems.java,holy_spirit_storage_block,CURSED
ModItems.java,origin_alloy_storage_block,IMAGINATION
ModItems.java,elder_crystal,IMAGINATION
ModItems.java,elder_crystal_block,IMAGINATION
ModItems.java,elder_crystal_ore,IMAGINATION
ModItems.java,dimension_pass,IMAGINATION
ModItems.java,elder_mana_pedestal,IMAGINATION
ModItems.java,ee_extractor,IMAGINATION
ModItems.java,energy_converter,IMAGINATION
ModItems.java,music_disc_doll_music,IMAGINATION
ModItems.java,music_disc_tell_me,IMAGINATION
ModBlocks.java,curse_vault,CURSED
ModBlocks.java,gheloth_ore,IMAGINATION
ModBlocks.java,frost_ice,IMAGINATION
ModBlocks.java,domain_barrier,CURSED
ModBlocks.java,blood_redstone,IMAGINATION
ModBlocks.java,gourd_jail_visual,CURSED
ModBlocks.java,curse_vault_core_visual,CURSED
ModBlocks.java,curse_vault_spark_visual,CURSED
ModBlocks.java,elder_crystal_ore,IMAGINATION
ModBlocks.java,elder_crystal_block,IMAGINATION
ModBlocks.java,elder_mana_pedestal,IMAGINATION
ModBlocks.java,elder_mana_pedestal_top,IMAGINATION
ModBlocks.java,ee_extractor,IMAGINATION
ModBlocks.java,energy_converter,IMAGINATION
ModBlocks.java,energy_converter,IMAGINATION
ModBlocks.java,white_space_block,IMAGINATION
ModBlocks.java,white_space_portal,IMAGINATION
ModBlocks.java,line227,IMAGINATION
ModEntities.java,whip_lash,IMAGINATION
ModEntities.java,stone_shot,IMAGINATION
ModEntities.java,short_blade_throw,IMAGINATION
ModEntities.java,dreadsteel_slash,IMAGINATION
ModEntities.java,soldier_slash,IMAGINATION
ModEntities.java,flying_sword,IMAGINATION
ModEntities.java,flying_sword_foot,IMAGINATION
ModEntities.java,yo_yo,IMAGINATION
ModEntities.java,domain_visual,CURSED
ModEntities.java,ritual_beam,IMAGINATION
ModEntities.java,flame_arrow,IMAGINATION
ModEntities.java,blood_nova,IMAGINATION
ModEntities.java,shikigami_wolf,CURSED
ModEntities.java,shikigami_phantom,CURSED
ModEntities.java,shikigami_silverfish,CURSED
ModEntities.java,shikigami_frog,CURSED
ModEntities.java,shikigami_pig,CURSED
ModEntities.java,shikigami_rabbit,CURSED
ModEntities.java,shikigami_goat,CURSED
ModEntities.java,shikigami_cow,CURSED
ModEntities.java,shikigami_sheep,CURSED
ModEntities.java,shikigami_iron_golem,CURSED
ModEntities.java,black_bird,CURSED
ModEntities.java,puppet_iron_golem,CURSED
ModEntities.java,puppet_snow_golem,CURSED
ModEntities.java,puppet_snowball,CURSED
ModEntities.java,flame_phantom,IMAGINATION
ModEntities.java,spirit_vortex,CURSED
ModEntities.java,sky_usora_bolt,IMAGINATION
ModEntities.java,projection_phantom,IMAGINATION
ModEntities.java,cursed_orb,CURSED
ModEntities.java,curse_bolt,CURSED
ModEntities.java,jacob_ladder,CURSED
ModEntities.java,gourd_jail,CURSED
ModEntities.java,momo_merchant,CURSED
ModEntities.java,weak_point,IMAGINATION
ModSounds.java,line72,IMAGINATION
ModSounds.java,line78,IMAGINATION
Modifiers.java,supervisor,IMAGINATION
Modifiers.java,cosmic_order_voice,IMAGINATION
Modifiers.java,mana_surge,IMAGINATION
Modifiers.java,mana_shield,IMAGINATION
Modifiers.java,all_paths_one,IMAGINATION
Modifiers.java,dragonsteel_fire,IMAGINATION
Modifiers.java,seven_curses_bound,CURSED
Modifiers.java,spiritual_ether,CURSED
Modifiers.java,transcendent_dimension,IMAGINATION
Modifiers.java,dragonsteel_ice,IMAGINATION
Modifiers.java,dragonsteel_lightning,IMAGINATION
Modifiers.java,dragonsteel_fire_armor,IMAGINATION
Modifiers.java,dragonsteel_ice_armor,IMAGINATION
Modifiers.java,dragonsteel_lightning_armor,IMAGINATION
Modifiers.java,dragon_blood_tank,IMAGINATION
Modifiers.java,dragonbone,IMAGINATION
Modifiers.java,dragon_blood_infusion,IMAGINATION
Modifiers.java,dragon_staff,IMAGINATION
Modifiers.java,fus_ro_dah,IMAGINATION
Modifiers.java,ghost_clearing,IMAGINATION
Modifiers.java,gorgon_immunity,IMAGINATION
Modifiers.java,dreadsteel,IMAGINATION
Modifiers.java,dreadsteel_armor,IMAGINATION
Modifiers.java,corruption,IMAGINATION
Modifiers.java,lucky_drop,IMAGINATION
Modifiers.java,charm,IMAGINATION
Modifiers.java,hastur_malice,IMAGINATION
Modifiers.java,child_of_the_stars,IMAGINATION
Modifiers.java,star_child_armor,IMAGINATION
Modifiers.java,yog_sothoth_gift,IMAGINATION
Modifiers.java,nyarlathotep_desire,IMAGINATION
Modifiers.java,quantum_bag,IMAGINATION
Modifiers.java,silent_glove,IMAGINATION
Modifiers.java,chaos_butterfly,IMAGINATION
Modifiers.java,modular_staff,IMAGINATION
Modifiers.java,flying_sword,IMAGINATION
Modifiers.java,black_flash,IMAGINATION
Modifiers.java,west_tiger,IMAGINATION
Modifiers.java,curse_output,CURSED
Modifiers.java,curse_total,CURSED
Modifiers.java,zuosha_botu,IMAGINATION
Modifiers.java,wuliang_kongchu,IMAGINATION
Modifiers.java,fumo_yuchuzi,CURSED
Modifiers.java,yuchuzi,IMAGINATION
Modifiers.java,blood_manipulation,IMAGINATION
Modifiers.java,ten_shadows,CURSED
Modifiers.java,black_bird,CURSED
Modifiers.java,puppet,CURSED
Modifiers.java,plant_manipulation,IMAGINATION
Modifiers.java,flame_manipulation,IMAGINATION
Modifiers.java,cursed_spirit,CURSED
Modifiers.java,lightning_manipulation,IMAGINATION
Modifiers.java,sky_manipulation,IMAGINATION
Modifiers.java,projection,IMAGINATION
Modifiers.java,wuliang_wuxian,IMAGINATION
Modifiers.java,wuliang_cang,IMAGINATION
Modifiers.java,jacobs_ladder,IMAGINATION
Modifiers.java,reverse_cursed,CURSED
Modifiers.java,wu_wei,CURSED
Modifiers.java,cursed_energy_release,CURSED
Modifiers.java,construct,IMAGINATION
Modifiers.java,cursed_speech,CURSED
Modifiers.java,anti_gravity,IMAGINATION
Modifiers.java,ten_divide,IMAGINATION
Modifiers.java,mixu_gelong,IMAGINATION
Modifiers.java,luohua,IMAGINATION
Modifiers.java,jianyi_lingyu,IMAGINATION
Modifiers.java,fuzhu_cisi,IMAGINATION
Modifiers.java,taizang_bianye,IMAGINATION
Modifiers.java,zhenyan_xiangai,IMAGINATION
Modifiers.java,qianhe_yingyi,IMAGINATION
Modifiers.java,tie_guan_gai_wei_shan,IMAGINATION
Modifiers.java,zi_bi_yuan_dun_guo,IMAGINATION
Modifiers.java,dang_yun_ping_xian,IMAGINATION
Modifiers.java,shi_bao_yue_gong_dian,IMAGINATION
Modifiers.java,san_chong_ji_ku,IMAGINATION
Modifiers.java,soul_repair,IMAGINATION
Modifiers.java,butcher,IMAGINATION
Modifiers.java,dark_metal_breaker,IMAGINATION
Modifiers.java,dark_metal_magic_resist,IMAGINATION
Modifiers.java,soldiers_saber,IMAGINATION
Modifiers.java,rapier_armor_piercing,IMAGINATION
Modifiers.java,sea_kings_power,IMAGINATION
Modifiers.java,heat_lover,IMAGINATION
Modifiers.java,soul_eater,IMAGINATION
Modifiers.java,pale_plating,IMAGINATION
Modifiers.java,commander,IMAGINATION
Modifiers.java,final_brand,IMAGINATION
Modifiers.java,resonance,IMAGINATION
Modifiers.java,curse_speed,CURSED
Modifiers.java,earplugs,IMAGINATION
Modifiers.java,blasphemy,IMAGINATION
Modifiers.java,ex_pierce,IMAGINATION
Modifiers.java,laevatain,IMAGINATION
Modifiers.java,arcane_conduction,IMAGINATION
Modifiers.java,tilos_purgatory,IMAGINATION
Modifiers.java,cold_blooded,IMAGINATION
Modifiers.java,endless_cold_wind,IMAGINATION
Modifiers.java,blazing,IMAGINATION
Modifiers.java,holy_war_relic,IMAGINATION
Modifiers.java,ancient_sanctuary,IMAGINATION
Modifiers.java,magic_conduction,IMAGINATION
Modifiers.java,focus,IMAGINATION
Modifiers.java,spell_break,IMAGINATION
Modifiers.java,super_tier_magic,IMAGINATION
Modifiers.java,all_spells_unity,IMAGINATION
Modifiers.java,arcane_domination,IMAGINATION
Modifiers.java,mana_armor,IMAGINATION
Modifiers.java,inscription,IMAGINATION
Modifiers.java,biting_frost,IMAGINATION
Modifiers.java,origin_magic,IMAGINATION
Modifiers.java,chaos_flow,IMAGINATION
Modifiers.java,order_origin,IMAGINATION
Modifiers.java,divine_power,IMAGINATION
Modifiers.java,gungnir,IMAGINATION
Modifiers.java,godrealm_overstep,IMAGINATION
Modifiers.java,heaven_earth_forged,IMAGINATION
Modifiers.java,soul_discount,IMAGINATION
Modifiers.java,cursed_adrenaline,CURSED
Modifiers.java,aristocratic_dining,IMAGINATION
Modifiers.java,hardened_skin,IMAGINATION
Modifiers.java,void_touch,IMAGINATION
Modifiers.java,ender_power,IMAGINATION
Modifiers.java,void_grace,IMAGINATION
Modifiers.java,watcher_will,IMAGINATION
Modifiers.java,line593,IMAGINATION
ModCreativeTabs.java,tinkersnewlife,IMAGINATION
ModCreativeTabs.java,parts,IMAGINATION
ModCreativeTabs.java,tools,IMAGINATION
ModCreativeTabs.java,buckets,IMAGINATION
ModCreativeTabs.java,fumo,CURSED
ModFluids.java,line53,IMAGINATION
