ClientCurseData,ClientEventHandler|ConstructSelectScreen|PlantSelectScreen|ModTooltips
ClientCursedChant,ClientEventHandler
ClientWuWeiData,UnnameableClientHandler|EntityRenderDispatcherMixin
FumoMoDanceHandler,ModSounds
CurseHudConfig,ConscienceHudOverlay|PlanetariumHud|ModConfig|PlanetariumItem
CurseVaultHudRenderer,ClientEventHandler
PuppetHudRenderer,ClientEventHandler
CurseBoltRenderer,ClientEventHandler
CursedOrbRenderer,ClientEventHandler
CurseVaultRenderer,ClientEventHandler|ElderManaPedestalRenderer|ModBlocks
DomainVisualRenderer,ClientEventHandler
GourdJailRenderer,ClientEventHandler
JacobLadderRenderer,ClientEventHandler
MomoMerchantRenderer,ClientEventHandler
ShikigamiIronGolemRenderer,ClientEventHandler
ShikigamiWolfRenderer,ClientEventHandler
SpiritVortexRenderer,ClientEventHandler
WuWeiDisguiseLayers,EntityRenderDispatcherMixin
WuWeiDisguiseRenderer,EntityRenderDispatcherMixin
CursedSpeechScreen,TinkersNewlife
CurseHudEditScreen,ClientEventHandler|PlanetariumHud
ShikigamiScreen,TinkersNewlife
WuWeiScreen,TinkersNewlife
CurseCraftJeiCategory,TinkersNewlifeJeiPlugin
FumoMoBaseItem,ModCurios
FumoMoBlockEntity,ModSounds|JadeObjectNameMixin
FumoMoDoll,TinkersNewlife|ModCreativeTabs
CurseVaultBlock,ModBlockEntities|ModBlocks
CurseVaultBlockEntity,ModBlockEntities
CurseVaultInteractionHandler,ElderManaPedestalBlock
CurseVaultVisualBlock,ModBlocks
DomainBarrierBlock,ModBlocks
GourdJailVisualBlock,ModBlocks
AchievementHandler,ModItems|AchievementCommand|DragonStaffHandler|CompendiumItem
BlackFlashHandler,BlackFlashTrait|WestTigerTrait|TruePierce
CurseBottleHelper,EnergyUnits|PlayerDataPersistHandler
CurseCoreTraitHelper,BloodNovaEntity|FlameArrowEntity|FlamePhantom|SkyUsoraBoltEntity|BitingFrostModifier
CurseDeath,FlamePhantom|TianNiHuoInterruptHandler|YouYunAttackHandler|ServerPlayerDeathMixin|TruePierce
CursePowerHelper,ModTooltips|SeedParasiteEffect|EnergyUnits|FlameArrowEntity|FlamePhantom|ElderCrystalManaFeeder|PlayerDataPersistHandler|AllPathsOneTrait|ToolHelper
CurseVaultData,EnergyUnits|PlayerDataPersistHandler
KillAttribution,BossFightHandler|TruePierce
LifeLampRingHandler,ConscienceThresholdHandler|LifeLampRingItem|TruePierce
StunHandler,ClientEventHandler|StunEffect|WuLiangKongChuTrait
TechniqueAdvancementHandler,TinkersNewlife|AchievementCommand
TechniqueHandler,TinkersNewlife|TianNiHuoInterruptHandler|FlameManipulationTrait|PlantManipulationTrait|ProjectionTrait|ZhenyanXiangaiTrait|CrystalModifierRecipe|TagModifierSalvage
TwinRingImmunityHandler,RingOfOneMindItem
TwinRingLink,ModItems|SupervisorHandler|RingOfOneMindItem|TruePierce
WuWeiHandler,TilosPurgatoryHandler
BindingStateHandler,ModTooltips
DangYunPingXianDomain,TinkersNewlife|SummonDropSuppressor|DangYunPingXianTrait
DomainRegistry,TinkersNewlife|ModSounds|TianNiHuoInterruptHandler|TianNiHuoItem|CrystalModifierRecipe|TagModifierSalvage
ExecutionDomain,TinkersNewlife|ConscienceHandler|FuzhuCisiTrait|TruePierce
FuMoYuChuZiDomain,TinkersNewlife
QianheYingyiDomain,TinkersNewlife|QianheYingyiTrait
SanChongJiKuDomain,TinkersNewlife|SanChongJiKuTrait
ShiBaoYueGongDianDomain,TinkersNewlife|ShiBaoYueGongDianTrait
TaizangBianyeDomain,TinkersNewlife|TaizangBianyeTrait
TieGuanGaiWeiShanDomain,TinkersNewlife|TieGuanGaiWeiShanTrait
WuLiangKongChuDomain,TinkersNewlife|WuLiangKongChuTrait
ZhenyanXiangaiDomain,TinkersNewlife|ZhenyanXiangaiTrait
ZiBiYuanDunGuoDomain,TinkersNewlife|ZiBiYuanDunGuoTrait
ZuoShaBoTuDomain,TinkersNewlife
CurseCraftRitualHandler,RingOfOneMindItem
ShikigamiHandler,TianNiHuoInterruptHandler
ShikigamiType,ClientEventHandler
SkillHandler,JianyiLingyuTrait|LuohuaTrait|MixuGelongTrait|CrystalModifierRecipe|TagModifierSalvage
AntiGravityTechnique,TinkersNewlife|AntiGravityTrait
BlackBirdTechnique,TinkersNewlife|TianNiHuoInterruptHandler
BloodManipulationTechnique,TinkersNewlife|BloodManipulationTrait
BlueprintCompat,ModConfig
ConstructTechnique,TinkersNewlife|ConstructSelectScreen|EnergyUnits|ConstructedBlueprintItem|ConstructTrait|BlockDropsMixin|SlotMixin
CursedEnergyReleaseTechnique,TinkersNewlife
CursedSpeechTechnique,TinkersNewlife|EarplugModifier
CursedSpiritTechnique,TinkersNewlife|TianNiHuoInterruptHandler|CognitiveMaskItem|TilosPurgatoryHandler
FlameManipulationTechnique,TinkersNewlife|FlamePhantom|FlameManipulationTrait
JacobsLadderTechnique,TinkersNewlife|JacobsLadderTrait
LightningManipulationTechnique,TinkersNewlife|TruePierce
PlantManipulationTechnique,TinkersNewlife|TianNiHuoInterruptHandler|PlantManipulationTrait
ProjectionTechnique,TinkersNewlife|ProjectionPhantomEntity|TianNiHuoInterruptHandler
PuppetTechnique,TinkersNewlife|TianNiHuoInterruptHandler
ReverseCursedTechnique,TinkersNewlife
SkyManipulationTechnique,TinkersNewlife
TenDivideTechnique,TinkersNewlife|WeakPointEntity|TenDivideTrait
TenShadowsTechnique,TinkersNewlife
WuliangCangTechnique,TinkersNewlife|TianNiHuoInterruptHandler|WuliangCangTrait
WuliangWuxianTechnique,TinkersNewlife|PlayerDataPersistHandler|TianNiHuoInterruptHandler|WuliangWuxianTrait
WuWeiTechnique,TinkersNewlife
YuchuziTechnique,TinkersNewlife|TianNiHuoInterruptHandler
BlackBirdEntity,TinkersNewlife|ClientEventHandler|ModEntities|TianNiHuoInterruptHandler
CurseBoltEntity,ModEntities
CursedOrbEntity,ModEntities
DomainVisualEntity,ModEntities
JacobLadderEntity,ModEntities
MomoMerchant,TinkersNewlife|ClientEventHandler|ModEntities|ConscienceTradeHandler|TianNiHuoPierceHandler|RingOfOneMindItem|GorgonImmunityHandler
PuppetGolemMob,TianNiHuoInterruptHandler
PuppetIronGolem,TinkersNewlife|ClientEventHandler|ModEntities|TianNiHuoInterruptHandler
PuppetSnowball,ModEntities
PuppetSnowGolem,TinkersNewlife|ClientEventHandler|ModEntities|TianNiHuoInterruptHandler
PuppetUtil,FlamePhantom|FlyingSwordEntity|SkyUsoraBoltEntity|SpearCombatHandler|TilosPurgatoryHandler
ShikigamiBehavior,TianNiHuoItem
ShikigamiCow,TinkersNewlife|ModEntities
ShikigamiFrog,TinkersNewlife|ModEntities
ShikigamiGoat,TinkersNewlife|ModEntities
ShikigamiIronGolem,TinkersNewlife|ClientEventHandler|ModEntities|DamageLimitEffect
ShikigamiMob,DamageLimitEffect|ConscienceAlignmentHandler|ConscienceCombatHandler|SummonDropSuppressor|TianNiHuoInterruptHandler|TianNiHuoItem|LaevatainHandler
ShikigamiPhantom,TinkersNewlife|ClientEventHandler|ModEntities
ShikigamiPig,TinkersNewlife|ModEntities
ShikigamiRabbit,TinkersNewlife|ModEntities
ShikigamiSheep,TinkersNewlife|ModEntities
ShikigamiSilverfish,TinkersNewlife|ModEntities
ShikigamiWolf,TinkersNewlife|ClientEventHandler|ModEntities
SpiritVortexEntity,ModEntities
GourdJailEntity,ModEntities|ServerLevelTickTailMixin
GourdJailHandler,WhiteSpaceDimensions
GourdJailItem,ModItems
MomoFavor,ConscienceThresholdHandler
MomoMerchantHandler,TianNiHuoPierceHandler
SevenCursesBoundHandler,Modifiers
SevenCursesWaiverHandler,Modifiers|TranscendentDimensionHandler|BeyondDimensionTrait
AncientCursedScrollItem,ModItems|ChestScrollInjector
CurseBottleItem,ModItems|ElderCrystalItem
CurseCoreItem,ModCreativeTabs|ModItems|ModTooltips|IndustrialPioneerCertificateItem
CursedToolItem,TinkersNewlife|CognitiveMaskItem|TianNiHuoItem|YouYunItem
CurseVaultItem,ModItems
CurseAffinityLootModifier,LootModifierSerializers
MomoMenu,TinkersNewlife|ModMenus
BlackBirdTrait,Modifiers
CursedAdrenalineModifier,Modifiers
CursedBoundTrait,Modifiers
CursedEnergyReleaseTrait,Modifiers
CursedSpeechTrait,Modifiers
CursedSpiritTrait,Modifiers
CurseOutputTrait,Modifiers
CurseSpeedModifier,Modifiers
CurseTotalTrait,Modifiers
FuMoYuChuZiTrait,Modifiers
PuppetTrait,Modifiers
ReverseCursedTrait,Modifiers
TenShadowsTrait,Modifiers
WuWeiTrait,Modifiers
YuchuziTrait,Modifiers
CurseCraftRecipe,TinkersNewlifeJeiPlugin|ModRecipeSerializers
CurseVaultJadePlugin,IntegrationLoader|WhiteSpacePortalJadePlugin
CurseVaultJadeProvider,WhiteSpacePortalJadeProvider
PacketBlackBirdCamera,TinkersNewlife|CognitiveMaskClientHandler
PacketBlackBirdInput,TinkersNewlife|ClientEventHandler
PacketConstructSelect,TinkersNewlife|ConstructSelectScreen
PacketCursedSpeechSelect,TinkersNewlife
PacketDropWardenBars,TinkersNewlife|ServantBossBarCleaner
PacketMobDisguise,TinkersNewlife
PacketNueInput,TinkersNewlife|ClientEventHandler
PacketOpenConstructScreen,TinkersNewlife
PacketOpenCursedSpeechScreen,TinkersNewlife
PacketOpenPlantScreen,TinkersNewlife
PacketOpenPuppetScreen,TinkersNewlife
PacketOpenShikigamiScreen,TinkersNewlife
PacketOpenSpiritScreen,TinkersNewlife
PacketOpenWuWeiScreen,TinkersNewlife
PacketPlantSelect,TinkersNewlife|PlantSelectScreen
PacketProjectionStun,TinkersNewlife|ClientProjectionData
PacketPuppetInput,TinkersNewlife|ClientEventHandler
PacketPuppetSelect,TinkersNewlife
PacketQueryCurseVault,TinkersNewlife|ClientVaultData
PacketSpiritSelect,TinkersNewlife
PacketSpiritState,TinkersNewlife
PacketSummonShikigami,TinkersNewlife
PacketSwitchTechnique,TinkersNewlife|ClientEventHandler
PacketSyncCurse,TinkersNewlife
PacketSyncCursedChant,TinkersNewlife
PacketSyncCurseVault,TinkersNewlife
PacketSyncForge,TinkersNewlife
PacketToggleDomain,TinkersNewlife|ClientEventHandler
PacketUseReverseTechnique,TinkersNewlife|ClientEventHandler
PacketUseTechnique,TinkersNewlife|ClientEventHandler
PacketWuWeiDisguise,TinkersNewlife
PacketWuWeiOpenGui,TinkersNewlife|ClientEventHandler
PacketWuWeiSelect,TinkersNewlife
PacketMomoBuy,TinkersNewlife
PacketMomoHire,TinkersNewlife
PacketMomoHireState,TinkersNewlife
PacketMomoMenuAction,TinkersNewlife
PacketMomoMenuOpen,TinkersNewlife
PacketMomoOpen,TinkersNewlife
PacketMomoSoldState,TinkersNewlife
